"","actor_name","http_link"
"1","A. K. Hangal","https://en.wikipedia.org//wiki/A._K._Hangal"
"2","Aadhi","https://en.wikipedia.org//wiki/Aadhi_(actor)"
"3","Aadi Pudipeddi","https://en.wikipedia.org//wiki/Aadi_(Telugu_actor)"
"4","Aamir Khan","https://en.wikipedia.org//wiki/Aamir_Khan"
"5","Aashish Chaudhary","https://en.wikipedia.org//wiki/Aashish_Chaudhary"
"6","Abbas","https://en.wikipedia.org//wiki/Abbas_(actor)"
"7","Abhay Deol","https://en.wikipedia.org//wiki/Abhay_Deol"
"8","Abhijeeth","https://en.wikipedia.org//wiki/Abhijeeth"
"9","Abhishek Bachchan","https://en.wikipedia.org//wiki/Abhishek_Bachchan"
"10","Abhimanyu Singh","https://en.wikipedia.org//wiki/Abhimanyu_Singh"
"11","Abijeet Duddala","https://en.wikipedia.org//wiki/Abijeet_Duddala"
"12","Achyuth Kumar","https://en.wikipedia.org//wiki/Achyuth_Kumar"
"13","Adharvaa","https://en.wikipedia.org//wiki/Adharvaa"
"14","Adhyayan Suman","https://en.wikipedia.org//wiki/Adhyayan_Suman"
"15","Adil Hussain","https://en.wikipedia.org//wiki/Adil_Hussain"
"16","Adithya Menon","https://en.wikipedia.org//wiki/Adithya"
"17","Aditya Babu","https://en.wikipedia.org//wiki/Aditya_Babu"
"18","Aditya Pancholi","https://en.wikipedia.org//wiki/Aditya_Pancholi"
"19","Aditya Roy Kapur","https://en.wikipedia.org//wiki/Aditya_Roy_Kapur"
"20","Adoor Bhasi","https://en.wikipedia.org//wiki/Adoor_Bhasi"
"21","Aftab Shivdasani","https://en.wikipedia.org//wiki/Aftab_Shivdasani"
"22","Ahuti Prasad","https://en.wikipedia.org//wiki/Ahuti_Prasad"
"23","Ajay Devgan","https://en.wikipedia.org//wiki/Ajay_Devgan"
"24","Ajay Sinh Rathod","https://en.wikipedia.org//wiki/Ajay_Sinh_Rathod"
"25","Ajay Rao","https://en.wikipedia.org//wiki/Ajay_Rao"
"26","Ajaz Khan","https://en.wikipedia.org//wiki/Ajaz_Khan"
"27","Ajinkya Dev","https://en.wikipedia.org//wiki/Ajinkya_Dev"
"28","Ajit Khan","https://en.wikipedia.org//wiki/Ajit_Khan"
"29","Ajith Kumar","https://en.wikipedia.org//wiki/Ajith_Kumar"
"30","Ajmal Ameer","https://en.wikipedia.org//wiki/Ajmal_Ameer"
"31","Aju Varghese","https://en.wikipedia.org//wiki/Aju_Varghese"
"32","Akshay Anand","https://en.wikipedia.org//wiki/Akshay_Anand"
"33","Akshay Kumar","https://en.wikipedia.org//wiki/Akshay_Kumar"
"34","Akshaye Khanna","https://en.wikipedia.org//wiki/Akshaye_Khanna"
"35","Akul Balaji","https://en.wikipedia.org//wiki/Akul_Balaji"
"36","Ali Basha","https://en.wikipedia.org//wiki/Ali_(actor)"
"37","Allari Naresh","https://en.wikipedia.org//wiki/Allari_Naresh"
"38","Allu Arjun","https://en.wikipedia.org//wiki/Allu_Arjun"
"39","Allu Sirish","https://en.wikipedia.org//wiki/Allu_Sirish"
"40","Alok Nath","https://en.wikipedia.org//wiki/Alok_Nath"
"41","Amar Talwar","https://en.wikipedia.org//wiki/Amar_Talwar"
"42","Ambareesh","https://en.wikipedia.org//wiki/Ambareesh"
"43","Amitabh Bachchan","https://en.wikipedia.org//wiki/Amitabh_Bachchan"
"44","Amjad Khan","https://en.wikipedia.org//wiki/Amjad_Khan_(actor)"
"45","Amol Palekar","https://en.wikipedia.org//wiki/Amol_Palekar"
"46","Amrish Puri","https://en.wikipedia.org//wiki/Amrish_Puri"
"47","Ananth Nag","https://en.wikipedia.org//wiki/Ananth_Nag"
"48","Anil Kapoor","https://en.wikipedia.org//wiki/Anil_Kapoor"
"49","Anjan Srivastav","https://en.wikipedia.org//wiki/Anjan_Srivastav"
"50","Ankush Hazra","https://en.wikipedia.org//wiki/Ankush_Hazra"
"51","Annu Kapoor","https://en.wikipedia.org//wiki/Annu_Kapoor"
"52","Anoop Kumar","https://en.wikipedia.org//wiki/Anoop_Kumar"
"53","Anoop Menon","https://en.wikipedia.org//wiki/Anoop_Menon"
"54","Anubhav Mohanty","https://en.wikipedia.org//wiki/Anubhav_Mohanty"
"55","Anuj Gurwara","https://en.wikipedia.org//wiki/Anuj_Gurwara"
"56","Anupam Kher","https://en.wikipedia.org//wiki/Anupam_Kher"
"57","Aravind Akash","https://en.wikipedia.org//wiki/Aravind_Akash"
"58","Arbaaz Khan","https://en.wikipedia.org//wiki/Arbaaz_Khan_(Indian_actor)"
"59","Arif Zakaria","https://en.wikipedia.org//wiki/Arif_Zakaria"
"60","Arjun Kapoor","https://en.wikipedia.org//wiki/Arjun_Kapoor"
"61","Arjun Mathur","https://en.wikipedia.org//wiki/Arjun_Mathur"
"62","Arjun Rampal","https://en.wikipedia.org//wiki/Arjun_Rampal"
"63","Arjun Sarja","https://en.wikipedia.org//wiki/Arjun_Sarja"
"64","Arshad Warsi","https://en.wikipedia.org//wiki/Arshad_Warsi"
"65","Arun Sarnaik","https://en.wikipedia.org//wiki/Arun_Sarnaik"
"66","Arunoday Singh","https://en.wikipedia.org//wiki/Arunoday_Singh"
"67","Arvind Krishna","https://en.wikipedia.org//wiki/Arvind_Krishna"
"68","Arvind Swamy","https://en.wikipedia.org//wiki/Arvind_Swamy"
"69","Arya Babbar","https://en.wikipedia.org//wiki/Arya_Babbar"
"70","Arya Cethirakath","https://en.wikipedia.org//wiki/Arya_(actor)"
"71","Asif Ali","https://en.wikipedia.org//wiki/Asif_Ali_(actor)"
"72","Ashish Vidyarthi","https://en.wikipedia.org//wiki/Ashish_Vidyarthi"
"73","Ashok","https://en.wikipedia.org//wiki/Ashok_(Kannada_actor)"
"74","Ashok Kumar","https://en.wikipedia.org//wiki/Ashok_Kumar"
"75","Ashwath","https://en.wikipedia.org//wiki/K._S._Ashwath"
"76","Asrani","https://en.wikipedia.org//wiki/Asrani"
"77","Ashok Saraf","https://en.wikipedia.org//wiki/Ashok_Saraf"
"78","Ashok Selvan","https://en.wikipedia.org//wiki/Ashok_Selvan"
"79","Atul Agnihotri","https://en.wikipedia.org//wiki/Atul_Agnihotri"
"80","Atul Kulkarni","https://en.wikipedia.org//wiki/Atul_Kulkarni_(actor_born_1965)"
"81","Auditya","https://en.wikipedia.org//wiki/Auditya"
"82","Avinash","https://en.wikipedia.org//wiki/Avinash"
"83","Ayushman Khurana","https://en.wikipedia.org//wiki/Ayushman_Khurana"
"84","B. C. Patil","https://en.wikipedia.org//wiki/B._C._Patil"
"85","B. R. Panthulu","https://en.wikipedia.org//wiki/B._R._Panthulu"
"86","Baburaj","https://en.wikipedia.org//wiki/Baburaj_(actor)"
"87","Babu Antony","https://en.wikipedia.org//wiki/Babu_Antony"
"88","Balakrishna","https://en.wikipedia.org//wiki/Balakrishna_(Kannada_actor)"
"89","Balakrishna Nandamuri","https://en.wikipedia.org//wiki/Balakrishna_Nandamuri"
"90","Balan K. Nair","https://en.wikipedia.org//wiki/Balan_K._Nair"
"91","Balraj Sahni","https://en.wikipedia.org//wiki/Balraj_Sahni"
"92","Bank Janardhan","https://en.wikipedia.org//wiki/Bank_Janardhan"
"93","Barun Sobti","https://en.wikipedia.org//wiki/Barun_Sobti"
"94","Benjamin Gilani","https://en.wikipedia.org//wiki/Benjamin_Gilani"
"95","Bhagwan Dada","https://en.wikipedia.org//wiki/Bhagwan_Dada"
"96","Bhanu Chander","https://en.wikipedia.org//wiki/Bhanu_Chander"
"97","Bharat Bhushan","https://en.wikipedia.org//wiki/Bharat_Bhushan"
"98","Bharat Jadhav","https://en.wikipedia.org//wiki/Bharat_Jadhav"
"99","Bharath","https://en.wikipedia.org//wiki/Bharath_(actor)"
"100","Bharath Gopi","https://en.wikipedia.org//wiki/Bharath_Gopi"
"101","Bharath Srinivasan","https://en.wikipedia.org//wiki/Bharath_Srinivasan"
"102","Bharathiraja","https://en.wikipedia.org//wiki/Bharathiraja"
"103","Bank Janardhan","https://en.wikipedia.org//wiki/Bank_Janardhan"
"104","Bijon Bhattacharya","https://en.wikipedia.org//wiki/Bijon_Bhattacharya"
"105","Bijoya Ray","https://en.wikipedia.org//wiki/Bijoya_Ray"
"106","Biju Menon","https://en.wikipedia.org//wiki/Biju_Menon"
"107","Biswajit Chatterjee","https://en.wikipedia.org//wiki/Biswajit_Chatterjee"
"108","Bob Christo","https://en.wikipedia.org//wiki/Bob_Christo"
"109","Bobby Darling","https://en.wikipedia.org//wiki/Bobby_Darling"
"110","Bobby Deol","https://en.wikipedia.org//wiki/Bobby_Deol"
"111","Bobby Kottarakkara","https://en.wikipedia.org//wiki/Bobby_Kottarakkara"
"112","Bobby Simha","https://en.wikipedia.org//wiki/Bobby_Simha"
"113","Boman Irani","https://en.wikipedia.org//wiki/Boman_Irani"
"114","Brahmanandam","https://en.wikipedia.org//wiki/Brahmanandam"
"115","Bullet Prakash","https://en.wikipedia.org//wiki/Bullet_Prakash"
"116","C. R. Simha","https://en.wikipedia.org//wiki/C._R._Simha"
"117","Chandra Mohan","https://en.wikipedia.org//wiki/Chandra_Mohan_(actor)"
"118","Chandrachur Singh","https://en.wikipedia.org//wiki/Chandrachur_Singh"
"119","Chandrashekhar","https://en.wikipedia.org//wiki/Chandrashekhar"
"120","Charan Raj","https://en.wikipedia.org//wiki/Charan_Raj"
"121","Charlie","https://en.wikipedia.org//wiki/Charlie_(actor)"
"122","Charu Hassan","https://en.wikipedia.org//wiki/Charu_Hassan"
"123","Chetan Chandra","https://en.wikipedia.org//wiki/Chetan_Chandra"
"124","Chetan Kumar","https://en.wikipedia.org//wiki/Chetan_Kumar"
"125","Chhabi Biswas","https://en.wikipedia.org//wiki/Chhabi_Biswas"
"126","Chi. Guru Dutt","https://en.wikipedia.org//wiki/Chi._Guru_Dutt"
"127","Chinni Jayanth","https://en.wikipedia.org//wiki/Chinni_Jayanth"
"128","Chikkanna","https://en.wikipedia.org//wiki/Chikkanna"
"129","Chiranjeevi Konidala","https://en.wikipedia.org//wiki/Chiranjeevi"
"130","Chiranjeevi Sarja","https://en.wikipedia.org//wiki/Chiranjeevi_Sarja"
"131","Chittor V. Nagaiah","https://en.wikipedia.org//wiki/Chittor_V._Nagaiah"
"132","Chunky Pandey","https://en.wikipedia.org//wiki/Chunky_Pandey"
"133","Crazy Mohan","https://en.wikipedia.org//wiki/Crazy_Mohan"
"134","Cyrus Sahukar","https://en.wikipedia.org//wiki/Cyrus_Sahukar"
"135","Dada Kondke","https://en.wikipedia.org//wiki/Dada_Kondke"
"136","Dalip Tahil","https://en.wikipedia.org//wiki/Dalip_Tahil"
"137","Danny Denzongpa","https://en.wikipedia.org//wiki/Danny_Denzongpa"
"138","Dara Singh","https://en.wikipedia.org//wiki/Dara_Singh"
"139","Darshan","https://en.wikipedia.org//wiki/Darshan_(actor)"
"140","Darsheel Safary","https://en.wikipedia.org//wiki/Darsheel_Safary"
"141","Dattatreya","https://en.wikipedia.org//wiki/H._G._Dattatreya"
"142","David","https://en.wikipedia.org//wiki/David_Abraham_Cheulkar"
"143","Deepak Dobriyal","https://en.wikipedia.org//wiki/Deepak_Dobriyal"
"144","Deepak Tijori","https://en.wikipedia.org//wiki/Deepak_Tijori"
"145","Dev Adhikari","https://en.wikipedia.org//wiki/Dev_(actor)"
"146","Dev Anand","https://en.wikipedia.org//wiki/Dev_Anand"
"147","Dev Gill","https://en.wikipedia.org//wiki/Dev_Gill"
"148","Devan","https://en.wikipedia.org//wiki/Devan_(actor)"
"149","Devaraj","https://en.wikipedia.org//wiki/Devaraj"
"150","Deven Verma","https://en.wikipedia.org//wiki/Deven_Verma"
"151","Dharmavarapu Subramanyam","https://en.wikipedia.org//wiki/Dharmavarapu_Subramanyam"
"152","Dharmendra","https://en.wikipedia.org//wiki/Dharmendra"
"153","Dhanush","https://en.wikipedia.org//wiki/Dhanush"
"154","Dheerendra Gopal","https://en.wikipedia.org//wiki/Dheerendra_Gopal"
"155","Dhruva Sarja","https://en.wikipedia.org//wiki/Dhruva_Sarja"
"156","Diganth","https://en.wikipedia.org//wiki/Diganth"
"157","Dinesh","https://en.wikipedia.org//wiki/Attakathi_Dinesh"
"158","Dino Morea","https://en.wikipedia.org//wiki/Dino_Morea"
"159","Dileep","https://en.wikipedia.org//wiki/Dileep_(actor)"
"160","Dilip Kumar","https://en.wikipedia.org//wiki/Dilip_Kumar"
"161","Dilip Prabhavalkar","https://en.wikipedia.org//wiki/Dilip_Prabhavalkar"
"162","Doddanna","https://en.wikipedia.org//wiki/Doddanna"
"163","Dulquer Salmaan","https://en.wikipedia.org//wiki/Dulquer_Salmaan"
"164","Duniya Vijay","https://en.wikipedia.org//wiki/Duniya_Vijay"
"165","Dwarakish","https://en.wikipedia.org//wiki/Dwarakish"
"166","Emraan Hashmi","https://en.wikipedia.org//wiki/Emraan_Hashmi"
"167","Erick Avari","https://en.wikipedia.org//wiki/Erick_Avari"
"168","Fahadh Faasil","https://en.wikipedia.org//wiki/Fahadh_Faasil"
"169","Faisal Khan","https://en.wikipedia.org//wiki/Faisal_Khan"
"170","Fardeen Khan","https://en.wikipedia.org//wiki/Fardeen_Khan"
"171","Farhan Akhtar","https://en.wikipedia.org//wiki/Farhan_Akhtar"
"172","Farooq Sheikh","https://en.wikipedia.org//wiki/Farooq_Sheikh"
"173","Fawad Khan","https://en.wikipedia.org//wiki/Fawad_Khan"
"174","Feroz Khan","https://en.wikipedia.org//wiki/Feroz_Khan_(actor,_born_1939)"
"175","Fish Venkat","https://en.wikipedia.org//wiki/Fish_Venkat"
"176","G. K. Govinda Rao","https://en.wikipedia.org//wiki/G._K._Govinda_Rao"
"177","G. V. Iyer","https://en.wikipedia.org//wiki/G._V._Iyer"
"178","Ganesh","https://en.wikipedia.org//wiki/Ganesh_(actor)"
"179","Ganesh Venkatraman","https://en.wikipedia.org//wiki/Ganesh_Venkatraman"
"180","Gangadhar","https://en.wikipedia.org//wiki/Gangadhar_(Kannada_actor)"
"181","Gaurav Chanana","https://en.wikipedia.org//wiki/Gaurav_Chanana"
"182","Gautham Karthik","https://en.wikipedia.org//wiki/Gautham_Karthik"
"183","Gautham Menon","https://en.wikipedia.org//wiki/Gautham_Menon"
"184","Gavie Chahal","https://en.wikipedia.org//wiki/Gavie_Chahal"
"185","Gemini Ganesan","https://en.wikipedia.org//wiki/Gemini_Ganesan"
"186","Gireesh Sahedev","https://en.wikipedia.org//wiki/Gireesh_Sahedev"
"187","Giri Babu","https://en.wikipedia.org//wiki/Giri_Babu"
"188","Girish Karnad","https://en.wikipedia.org//wiki/Girish_Karnad"
"189","Girish Kumar Taurani","https://en.wikipedia.org//wiki/Girish_Kumar_Taurani"
"190","Githan Ramesh","https://en.wikipedia.org//wiki/Githan_Ramesh"
"191","Goundamani","https://en.wikipedia.org//wiki/Goundamani"
"192","Govinda","https://en.wikipedia.org//wiki/Govinda_(actor)"
"193","Gubbi Veeranna","https://en.wikipedia.org//wiki/Gubbi_Veeranna"
"194","Gulshan Devaiah","https://en.wikipedia.org//wiki/Gulshan_Devaiah"
"195","Gulshan Grover","https://en.wikipedia.org//wiki/Gulshan_Grover"
"196","Gummadi Venkateswara Rao","https://en.wikipedia.org//wiki/Gummadi_Venkateswara_Rao"
"197","Gurdas Maan","https://en.wikipedia.org//wiki/Gurdas_Maan"
"198","Guru Dutt","https://en.wikipedia.org//wiki/Guru_Dutt"
"199","Gurukiran","https://en.wikipedia.org//wiki/Gurukiran"
"200","Guruprasad","https://en.wikipedia.org//wiki/Guruprasad"
"201","Gopichand Lagadapati","https://en.wikipedia.org//wiki/Gopichand_Lagadapati"
"202","Hamsavardhan","https://en.wikipedia.org//wiki/Hamsavardhan"
"203","Harbhajan Mann","https://en.wikipedia.org//wiki/Harbhajan_Mann"
"204","Harikrishna Nandamuri","https://en.wikipedia.org//wiki/Harikrishna_Nandamuri"
"205","Harish Kumar","https://en.wikipedia.org//wiki/Harish_Kumar"
"206","Harish Raj","https://en.wikipedia.org//wiki/Harish_Raj"
"207","Harisree Ashokan","https://en.wikipedia.org//wiki/Harisree_Ashokan"
"208","Harman Baweja","https://en.wikipedia.org//wiki/Harman_Baweja"
"209","Harsh Mayar","https://en.wikipedia.org//wiki/Harsh_Mayar"
"210","Hiran Chatterjee","https://en.wikipedia.org//wiki/Hiran_Chatterjee"
"211","Hiten Paintal","https://en.wikipedia.org//wiki/Hiten_Paintal"
"212","Hrithik Roshan","https://en.wikipedia.org//wiki/Hrithik_Roshan"
"213","Himesh Reshammiya","https://en.wikipedia.org//wiki/Himesh_Reshammiya"
"214","Honnappa Bhagavathar","https://en.wikipedia.org//wiki/Honnappa_Bhagavathar"
"215","Hunsur Krishnamurthy","https://en.wikipedia.org//wiki/Hunsur_Krishnamurthy"
"216","I. S. Johar","https://en.wikipedia.org//wiki/I._S._Johar"
"217","Iftekar","https://en.wikipedia.org//wiki/Iftekar"
"218","Imran Hasnee","https://en.wikipedia.org//wiki/Imran_Hasnee"
"219","Imran Khan","https://en.wikipedia.org//wiki/Imran_Khan_(actor)"
"220","Indrajith Sukumaran","https://en.wikipedia.org//wiki/Indrajith_Sukumaran"
"221","Indrans","https://en.wikipedia.org//wiki/Indrans"
"222","Inderpal Singh","https://en.wikipedia.org//wiki/Inderpal_Singh"
"223","Innocent Vincent","https://en.wikipedia.org//wiki/Innocent_Vincent"
"224","Irrfan Khan","https://en.wikipedia.org//wiki/Irrfan_Khan"
"225","Inaamulhaq","https://en.wikipedia.org//wiki/Inaamulhaq"
"226","J. P. Chandrababu","https://en.wikipedia.org//wiki/J._P._Chandrababu"
"227","J. V. Somayajulu","https://en.wikipedia.org//wiki/J._V._Somayajulu"
"228","Jackie Shroff","https://en.wikipedia.org//wiki/Jackie_Shroff"
"229","Jagadish","https://en.wikipedia.org//wiki/Jagadish"
"230","Jagapati Babu","https://en.wikipedia.org//wiki/Jagapati_Babu"
"231","Jagathy Sreekumar","https://en.wikipedia.org//wiki/Jagathy_Sreekumar"
"232","Jagdeep","https://en.wikipedia.org//wiki/Jagdeep"
"233","Jagdish Raj","https://en.wikipedia.org//wiki/Jagdish_Raj"
"234","Jaggesh","https://en.wikipedia.org//wiki/Jaggesh"
"235","Jai","https://en.wikipedia.org//wiki/Jai_(actor)"
"236","Jaishankar","https://en.wikipedia.org//wiki/Jaishankar"
"237","Jai Akash","https://en.wikipedia.org//wiki/Jai_Akash"
"238","Jai Jagadish","https://en.wikipedia.org//wiki/Jai_Jagadish"
"239","Jaspal Bhatti","https://en.wikipedia.org//wiki/Jaspal_Bhatti"
"240","Jatin Bora","https://en.wikipedia.org//wiki/Jatin_Bora"
"241","Jaya Prakash Reddy","https://en.wikipedia.org//wiki/Jaya_Prakash_Reddy"
"242","Jayadev Mohan","https://en.wikipedia.org//wiki/Jayadev_Mohan"
"243","Jayam Ravi","https://en.wikipedia.org//wiki/Jayam_Ravi"
"244","Jayan","https://en.wikipedia.org//wiki/Jayan"
"245","Jayant","https://en.wikipedia.org//wiki/Jayant_(actor)"
"246","Jayaram","https://en.wikipedia.org//wiki/Jayaram"
"247","Jayram Karthik","https://en.wikipedia.org//wiki/Jayram_Karthik"
"248","Jayasurya","https://en.wikipedia.org//wiki/Jayasurya"
"249","Jeet","https://en.wikipedia.org//wiki/Jeet_(actor)"
"250","Jeetendra","https://en.wikipedia.org//wiki/Jeetendra"
"251","Jeeva","https://en.wikipedia.org//wiki/Jeeva_(Telugu_actor)"
"252","Jeevan","https://en.wikipedia.org//wiki/Jeevan_(actor)"
"253","Jhanak Shukla","https://en.wikipedia.org//wiki/Jhanak_Shukla"
"254","Jiiva","https://en.wikipedia.org//wiki/Jiiva"
"255","Jimmy Shergill","https://en.wikipedia.org//wiki/Jimmy_Shergill"
"256","John Abraham","https://en.wikipedia.org//wiki/John_Abraham_(actor)"
"257","Johnny Lever","https://en.wikipedia.org//wiki/Johnny_Lever"
"258","Johnny Walker","https://en.wikipedia.org//wiki/Johnny_Walker_(actor)"
"259","Joseph Vijay","https://en.wikipedia.org//wiki/Joseph_Vijay"
"260","Joy Mukherjee","https://en.wikipedia.org//wiki/Joy_Mukherjee"
"261","Jugal Hansraj","https://en.wikipedia.org//wiki/Jugal_Hansraj"
"262","K.L. Saigal","https://en.wikipedia.org//wiki/K.L._Saigal"
"263","K.N. Singh","https://en.wikipedia.org//wiki/K.N._Singh"
"264","K. S. Ashwath","https://en.wikipedia.org//wiki/K._S._Ashwath"
"265","Kabir Bedi","https://en.wikipedia.org//wiki/Kabir_Bedi"
"266","Kadar Khan","https://en.wikipedia.org//wiki/Kadar_Khan"
"267","Kaikala Satyanarayana","https://en.wikipedia.org//wiki/Kaikala_Satyanarayana"
"268","Kalabhavan Mani","https://en.wikipedia.org//wiki/Kalabhavan_Mani"
"269","Kalyan Kumar","https://en.wikipedia.org//wiki/Kalyan_Kumar"
"270","Kalyan Ram","https://en.wikipedia.org//wiki/Kalyan_Ram"
"271","Kamaal Rashid Khan","https://en.wikipedia.org//wiki/Kamaal_Rashid_Khan"
"272","Kamal Haasan","https://en.wikipedia.org//wiki/Kamal_Haasan"
"273","Kapil Bora","https://en.wikipedia.org//wiki/Kapil_Bora"
"274","Karan","https://en.wikipedia.org//wiki/Karan_(actor)"
"275","Karan Johar","https://en.wikipedia.org//wiki/Karan_Johar"
"276","Karan Singh Grover","https://en.wikipedia.org//wiki/Karan_Singh_Grover"
"277","Karan Kapoor","https://en.wikipedia.org//wiki/Karan_Kapoor"
"278","Karibasavaiah","https://en.wikipedia.org//wiki/Karibasavaiah"
"279","Karthik Muthuraman","https://en.wikipedia.org//wiki/Karthik_Muthuraman"
"280","Karthik Sivakumar","https://en.wikipedia.org//wiki/Karthik_Sivakumar"
"281","Karunas","https://en.wikipedia.org//wiki/Karunas"
"282","Kashinath Ghanekar","https://en.wikipedia.org//wiki/Kashinath_Ghanekar"
"283","Kashinath","https://en.wikipedia.org//wiki/Kashinath_(actor)"
"284","Kay Kay Menon","https://en.wikipedia.org//wiki/Kay_Kay_Menon"
"285","Keshto Mukherjee","https://en.wikipedia.org//wiki/Keshto_Mukherjee"
"286","Khayyum Basha","https://en.wikipedia.org//wiki/Khayyum"
"287","Kiran Kumar","https://en.wikipedia.org//wiki/Kiran_Kumar"
"288","Kishan Shrikanth","https://en.wikipedia.org//wiki/Kishan_Shrikanth"
"289","Kishore","https://en.wikipedia.org//wiki/Kishore_(actor)"
"290","Kishore Kumar","https://en.wikipedia.org//wiki/Kishore_Kumar"
"291","Komal Kumar","https://en.wikipedia.org//wiki/Komal_Kumar"
"292","Kona Venkat","https://en.wikipedia.org//wiki/Kona_Venkat"
"293","Kota Srinivasa Rao","https://en.wikipedia.org//wiki/Kota_Srinivasa_Rao"
"294","Krishna","https://en.wikipedia.org//wiki/Krishna_(actor)"
"295","Krishna (Kannada)","https://en.wikipedia.org//wiki/Krishna_(Kannada_actor)"
"296","Krishnam Raju","https://en.wikipedia.org//wiki/Krishnam_Raju"
"297","Krishnudu","https://en.wikipedia.org//wiki/Krishnudu"
"298","Kulbhushan Kharbanda","https://en.wikipedia.org//wiki/Kulbhushan_Kharbanda"
"299","Kumar Bangarappa","https://en.wikipedia.org//wiki/Kumar_Bangarappa"
"300","Kumar Gaurav","https://en.wikipedia.org//wiki/Kumar_Gaurav"
"301","Kumar Govind","https://en.wikipedia.org//wiki/Kumar_Govind"
"302","Kunaal Roy Kapur","https://en.wikipedia.org//wiki/Kunaal_Roy_Kapur"
"303","Kunal Kapoor","https://en.wikipedia.org//wiki/Kunal_Kapoor"
"304","Kunal Kapoor","https://en.wikipedia.org//wiki/Kunal_Kapoor_(actor)"
"305","Kunal Khemu","https://en.wikipedia.org//wiki/Kunal_Khemu"
"306","Kunal Singh","https://en.wikipedia.org//wiki/Kunal_(actor)"
"307","Kunchacko Boban","https://en.wikipedia.org//wiki/Kunchacko_Boban"
"308","Kuthiravattam Pappu","https://en.wikipedia.org//wiki/Kuthiravattam_Pappu"
"309","Lavrenti Lopes","https://en.wikipedia.org//wiki/Lavrenti_Lopes"
"310","Lawrence Raghavendra","https://en.wikipedia.org//wiki/Lawrence_Raghavendra"
"311","Laxmikant Berde","https://en.wikipedia.org//wiki/Laxmikant_Berde"
"312","Lekh Tandon","https://en.wikipedia.org//wiki/Lekh_Tandon"
"313","Lohithaswa","https://en.wikipedia.org//wiki/Lohithaswa"
"314","Lokesh","https://en.wikipedia.org//wiki/Lokesh"
"315","Loknath","https://en.wikipedia.org//wiki/Loknath"
"316","Lucky Ali","https://en.wikipedia.org//wiki/Lucky_Ali"
"317","Luv Sinha","https://en.wikipedia.org//wiki/Luv_Sinha"
"318","M. G. Ramachandran","https://en.wikipedia.org//wiki/M._G._Ramachandran"
"319","M. G. Soman","https://en.wikipedia.org//wiki/M._G._Soman"
"320","M. K. Raina","https://en.wikipedia.org//wiki/M._K._Raina"
"321","M. K. Thyagaraja Bhagavathar","https://en.wikipedia.org//wiki/M._K._Thyagaraja_Bhagavathar"
"322","M. N. Nambiar","https://en.wikipedia.org//wiki/M._N._Nambiar"
"323","M. P. Shankar","https://en.wikipedia.org//wiki/M._P._Shankar"
"324","M. S. Narayana","https://en.wikipedia.org//wiki/M._S._Narayana"
"325","M. V. Vasudeva Rao","https://en.wikipedia.org//wiki/M._V._Vasudeva_Rao"
"326","Mac Mohan","https://en.wikipedia.org//wiki/Mac_Mohan"
"327","Madan Puri","https://en.wikipedia.org//wiki/Madan_Puri"
"328","Madhavan","https://en.wikipedia.org//wiki/Madhavan_(actor)"
"329","Madhu","https://en.wikipedia.org//wiki/Madhu_(actor)"
"330","Mahendra Sandhu","https://en.wikipedia.org//wiki/Mahendra_Sandhu"
"331","Mahesh Babu","https://en.wikipedia.org//wiki/Mahesh_Babu"
"332","Makrand Deshpande","https://en.wikipedia.org//wiki/Makrand_Deshpande"
"333","Malaysia Vasudevan","https://en.wikipedia.org//wiki/Malaysia_Vasudevan"
"334","Mammootty","https://en.wikipedia.org//wiki/Mammootty"
"335","Mani Damodara Chakyar","https://en.wikipedia.org//wiki/Mani_Damodara_Chakyar"
"336","Mani Madhava Chakyar","https://en.wikipedia.org//wiki/Mani_Madhava_Chakyar"
"337","Manikuttan","https://en.wikipedia.org//wiki/Manikuttan"
"338","Manish Raisinghani","https://en.wikipedia.org//wiki/Manish_Raisinghani"
"339","Manivannan","https://en.wikipedia.org//wiki/Manivannan"
"340","Manna Dey","https://en.wikipedia.org//wiki/Manna_Dey"
"341","Manoj Bajpai","https://en.wikipedia.org//wiki/Manoj_Bajpai"
"342","Manoj Joshi","https://en.wikipedia.org//wiki/Manoj_Joshi_(actor)"
"343","Manoj K. Jayan","https://en.wikipedia.org//wiki/Manoj_K._Jayan"
"344","Manoj Kumar","https://en.wikipedia.org//wiki/Manoj_Kumar"
"345","Manoj Manchu","https://en.wikipedia.org//wiki/Manoj_Manchu"
"346","Manoj Tiwari","https://en.wikipedia.org//wiki/Manoj_Tiwari"
"347","Mansha Bahl","https://en.wikipedia.org//wiki/Mansha_Bahl"
"348","Master Manjunath","https://en.wikipedia.org//wiki/Master_Manjunath"
"349","Master Vinayak","https://en.wikipedia.org//wiki/Master_Vinayak"
"350","MD Asif","https://en.wikipedia.org//wiki/MD_Asif"
"351","Mehar Mittal","https://en.wikipedia.org//wiki/Mehar_Mittal"
"352","Mehmood","https://en.wikipedia.org//wiki/Mehmood_Ali"
"353","Milind Soman","https://en.wikipedia.org//wiki/Milind_Soman"
"354","Mimoh Chakraborty","https://en.wikipedia.org//wiki/Mimoh_Chakraborty"
"355","Mithun Chakraborty","https://en.wikipedia.org//wiki/Mithun_Chakraborty"
"356","Mithun Tejaswi","https://en.wikipedia.org//wiki/Mithun_Tejaswi"
"357","Mohan Agashe","https://en.wikipedia.org//wiki/Mohan_Agashe"
"358","Mohan Babu","https://en.wikipedia.org//wiki/Mohan_Babu"
"359","Mohan Rao","https://en.wikipedia.org//wiki/Mohan_(actor)"
"360","Mohan Shankar","https://en.wikipedia.org//wiki/Mohan_Shankar"
"361","Mohit Marwah","https://en.wikipedia.org//wiki/Mohit_Marwah"
"362","Mohnish Behl","https://en.wikipedia.org//wiki/Mohnish_Behl"
"363","Mohanlal","https://en.wikipedia.org//wiki/Mohanlal"
"364","Motilal","https://en.wikipedia.org//wiki/Motilal"
"365","Mukesh","https://en.wikipedia.org//wiki/Mukesh_(actor)"
"366","Mukesh Khanna","https://en.wikipedia.org//wiki/Mukesh_Khanna"
"367","Mukkamala","https://en.wikipedia.org//wiki/Mukkamala"
"368","Mukri","https://en.wikipedia.org//wiki/Mukri"
"369","Mukhyamantri Chandru","https://en.wikipedia.org//wiki/Mukhyamantri_Chandru"
"370","Mukul Dev","https://en.wikipedia.org//wiki/Mukul_Dev"
"371","Murali Krishna","https://en.wikipedia.org//wiki/Murali_(Malayalam_actor)"
"372","Murali Mohan","https://en.wikipedia.org//wiki/Murali_Mohan"
"373","Murali Siddalingaiah","https://en.wikipedia.org//wiki/Murali_(Tamil_actor)"
"374","Navin Prabhakar","https://en.wikipedia.org//wiki/Navin_Prabhakar"
"375","N. S. Krishnan","https://en.wikipedia.org//wiki/N._S._Krishnan"
"376","Naga Chaitanya","https://en.wikipedia.org//wiki/Naga_Chaitanya"
"377","Naga Kiran","https://en.wikipedia.org//wiki/Naga_Kiran"
"378","Nagarjuna Akkineni","https://en.wikipedia.org//wiki/Akkineni_Nagarjuna"
"379","Nagesh","https://en.wikipedia.org//wiki/Nagesh_(actor)"
"380","Nagendra Babu","https://en.wikipedia.org//wiki/Nagendra_Babu"
"381","Nagendra Prasad","https://en.wikipedia.org//wiki/Nagendra_Prasad"
"382","Nageswara Rao Akkineni","https://en.wikipedia.org//wiki/Akkineni_Nageswara_Rao"
"383","Nagineedu","https://en.wikipedia.org//wiki/Nagineedu"
"384","Namit Shah","https://en.wikipedia.org//wiki/Namit_Shah_(actor)"
"385","Nana Patekar","https://en.wikipedia.org//wiki/Nana_Patekar"
"386","Nani","https://en.wikipedia.org//wiki/Nani_(actor)"
"387","Narain","https://en.wikipedia.org//wiki/Narain_(actor)"
"388","Narasimharaju","https://en.wikipedia.org//wiki/Narasimharaju_(Kannada_actor)"
"389","Narasimharaju","https://en.wikipedia.org//wiki/Narasimharaju_(Telugu_actor)"
"390","Narendra Prasad","https://en.wikipedia.org//wiki/Narendra_Prasad"
"391","Naresh","https://en.wikipedia.org//wiki/Naresh_(actor)"
"392","Naseeruddin Shah","https://en.wikipedia.org//wiki/Naseeruddin_Shah"
"393","Nassar","https://en.wikipedia.org//wiki/Nassar"
"394","Navdeep","https://en.wikipedia.org//wiki/Navdeep"
"395","Nawazuddin Siddiqui","https://en.wikipedia.org//wiki/Nawazuddin_Siddiqui"
"396","Nedumudi Venu","https://en.wikipedia.org//wiki/Nedumudi_Venu"
"397","Neil Nitin Mukesh","https://en.wikipedia.org//wiki/Neil_Nitin_Mukesh"
"398","Nikhil Siddharth","https://en.wikipedia.org//wiki/Nikhil_Siddharth"
"399","Nilu Phule","https://en.wikipedia.org//wiki/Nilu_Phule"
"400","Ninad Kamat","https://en.wikipedia.org//wiki/Ninad_Kamat"
"401","Nithin","https://en.wikipedia.org//wiki/Nithin"
"402","Nivin Pauly","https://en.wikipedia.org//wiki/Nivin_Pauly"
"403","N. T. Rama Rao","https://en.wikipedia.org//wiki/N._T._Rama_Rao"
"404","N. T. Rama Rao Jr.","https://en.wikipedia.org//wiki/N._T._Rama_Rao_Jr."
"405","Nandish Sandhu","https://en.wikipedia.org//wiki/Nandish_Sandhu"
"406","Nazir Hussain","https://en.wikipedia.org//wiki/Nazir_Hussain"
"407","Omkar Kapoor","https://en.wikipedia.org//wiki/Omkar_Kapoor"
"408","Oduvil Unnikrishnan","https://en.wikipedia.org//wiki/Oduvil_Unnikrishnan"
"409","Om Prakash","https://en.wikipedia.org//wiki/Om_Prakash"
"410","Om Puri","https://en.wikipedia.org//wiki/Om_Puri"
"411","Om Shivpuri","https://en.wikipedia.org//wiki/Om_Shivpuri"
"412","Omi Vaidya","https://en.wikipedia.org//wiki/Omi_Vaidya"
"413","Pankaj Kapoor","https://en.wikipedia.org//wiki/Pankaj_Kapoor"
"414","Paresh Rawal","https://en.wikipedia.org//wiki/Paresh_Rawal"
"415","Parikshit Sahni","https://en.wikipedia.org//wiki/Parikshit_Sahni"
"416","Parmeet Sethi","https://en.wikipedia.org//wiki/Parmeet_Sethi"
"417","Parvin Dabas","https://en.wikipedia.org//wiki/Parvin_Dabas"
"418","Parzan Dastur","https://en.wikipedia.org//wiki/Parzan_Dastur"
"419","Pasupathy","https://en.wikipedia.org//wiki/Pasupathy"
"420","Pawan Kalyan","https://en.wikipedia.org//wiki/Pawan_Kalyan"
"421","Pinchoo Kapoor","https://en.wikipedia.org//wiki/Pinchoo_Kapoor"
"422","Prabhas Raju Uppalapati","https://en.wikipedia.org//wiki/Prabhas_Raju_Uppalapati"
"423","Prabhu Deva","https://en.wikipedia.org//wiki/Prabhu_Deva"
"424","Prabhu Ganesan","https://en.wikipedia.org//wiki/Prabhu_Ganesan"
"425","Pradeep Kumar","https://en.wikipedia.org//wiki/Pradeep_Kumar"
"426","Pradeep Rawat","https://en.wikipedia.org//wiki/Pradeep_Rawat_(actor)"
"427","Prajwal Devaraj","https://en.wikipedia.org//wiki/Prajwal_Devaraj"
"428","Prakash Raj","https://en.wikipedia.org//wiki/Prakash_Raj"
"429","Pran","https://en.wikipedia.org//wiki/Pran_(actor)"
"430","Pranav Mohanlal","https://en.wikipedia.org//wiki/Pranav_Mohanlal"
"431","Prasadbabu","https://en.wikipedia.org//wiki/Prasadbabu"
"432","Prasanna","https://en.wikipedia.org//wiki/Prasanna_(actor)"
"433","Prasenjit Chatterjee","https://en.wikipedia.org//wiki/Prasenjit_Chatterjee"
"434","Prashant Damle","https://en.wikipedia.org//wiki/Prashant_Damle"
"435","Prashanta Nanda","https://en.wikipedia.org//wiki/Prashanta_Nanda"
"436","Prashanth Thyagarajan","https://en.wikipedia.org//wiki/Prashanth_Thyagarajan"
"437","Prateik Babbar","https://en.wikipedia.org//wiki/Prateik_Babbar"
"438","Prem","https://en.wikipedia.org//wiki/Prem_(director)"
"439","Prem Chopra","https://en.wikipedia.org//wiki/Prem_Chopra"
"440","Prem Kumar","https://en.wikipedia.org//wiki/Prem_Kumar_(Kannada_actor)"
"441","Prem Nath","https://en.wikipedia.org//wiki/Prem_Nath"
"442","Prem Nazir","https://en.wikipedia.org//wiki/Prem_Nazir"
"443","Prithviraj Ballireddy","https://en.wikipedia.org//wiki/Prithviraj_(Telugu_actor)"
"444","Prithviraj Kapoor","https://en.wikipedia.org//wiki/Prithviraj_Kapoor"
"445","Prithviraj Sukumaran","https://en.wikipedia.org//wiki/Prithviraj_Sukumaran"
"446","Puneet Issar","https://en.wikipedia.org//wiki/Puneet_Issar"
"447","Puneet Rajkumar","https://en.wikipedia.org//wiki/Puneet_Rajkumar"
"448","Puri Jagannadh","https://en.wikipedia.org//wiki/Puri_Jagannadh"
"449","Raaj Kumar","https://en.wikipedia.org//wiki/Raaj_Kumar"
"450","Raghavendra Rajkumar","https://en.wikipedia.org//wiki/Raghavendra_Rajkumar"
"451","Raghu Babu","https://en.wikipedia.org//wiki/Raghu_Babu"
"452","Raghu Mukherjee","https://en.wikipedia.org//wiki/Raghu_Mukherjee"
"453","Raghuvaran","https://en.wikipedia.org//wiki/Raghuvaran"
"454","Rahman","https://en.wikipedia.org//wiki/Rahman_(actor)"
"455","Rahul Verma","https://en.wikipedia.org//wiki/Rahul_Verma_(actor)"
"456","Rahul Roy","https://en.wikipedia.org//wiki/Rahul_Roy"
"457","Rahul Bose","https://en.wikipedia.org//wiki/Rahul_Bose"
"458","Rahul Dev","https://en.wikipedia.org//wiki/Rahul_Dev"
"459","Raj Babbar","https://en.wikipedia.org//wiki/Raj_Babbar"
"460","Raj Kapoor","https://en.wikipedia.org//wiki/Raj_Kapoor"
"461","Rajkummar Rao","https://en.wikipedia.org//wiki/Rajkummar_Rao"
"462","Rajat Barmecha","https://en.wikipedia.org//wiki/Rajat_Barmecha"
"463","Rajendra Kumar","https://en.wikipedia.org//wiki/Rajendra_Kumar"
"464","Rajendra Nath","https://en.wikipedia.org//wiki/Rajendra_Nath"
"465","Rajesh (Kala Thapaswi)","https://en.wikipedia.org//wiki/Rajesh_(Kannada_actor)"
"466","Rajesh Khanna","https://en.wikipedia.org//wiki/Rajesh_Khanna"
"467","Rajesh Khattar","https://en.wikipedia.org//wiki/Rajesh_Khattar"
"468","Rajesh Krishnan","https://en.wikipedia.org//wiki/Rajesh_Krishnan"
"469","Rajit Kapoor","https://en.wikipedia.org//wiki/Rajit_Kapoor"
"470","Rajinikanth","https://en.wikipedia.org//wiki/Rajinikanth"
"471","Rajiv Kanakala","https://en.wikipedia.org//wiki/Rajiv_Kanakala"
"472","Rajiv Kapoor","https://en.wikipedia.org//wiki/Rajiv_Kapoor"
"473","Rajkumar","https://en.wikipedia.org//wiki/Rajkumar_(actor)"
"474","Rajneesh Duggal","https://en.wikipedia.org//wiki/Rajneesh_Duggal"
"475","Rajpal Yadav","https://en.wikipedia.org//wiki/Rajpal_Yadav"
"476","Raju Srivastav","https://en.wikipedia.org//wiki/Raju_Srivastav"
"477","Rakesh Bedi","https://en.wikipedia.org//wiki/Rakesh_Bedi"
"478","Rakesh Roshan","https://en.wikipedia.org//wiki/Rakesh_Roshan"
"479","Ramki","https://en.wikipedia.org//wiki/Ramki_(actor)"
"480","Ram Charan Teja","https://en.wikipedia.org//wiki/Ram_Charan_Teja"
"481","Ram Pothineni","https://en.wikipedia.org//wiki/Ram_Pothineni"
"482","Ramakrishna","https://en.wikipedia.org//wiki/Ramakrishna_(Kannada_actor)"
"483","Ramesh Aravind","https://en.wikipedia.org//wiki/Ramesh_Aravind"
"484","Ramesh Babu","https://en.wikipedia.org//wiki/Ramesh_Babu"
"485","Ramesh Bhat","https://en.wikipedia.org//wiki/Ramesh_Bhat"
"486","Ramesh Deo","https://en.wikipedia.org//wiki/Ramesh_Deo"
"487","Ramesh Khanna","https://en.wikipedia.org//wiki/Ramesh_Khanna"
"488","Ranbir Kapoor","https://en.wikipedia.org//wiki/Ranbir_Kapoor"
"489","Randeep Hooda","https://en.wikipedia.org//wiki/Randeep_Hooda"
"490","Randhir Kapoor","https://en.wikipedia.org//wiki/Randhir_Kapoor"
"491","Ranveer Singh","https://en.wikipedia.org//wiki/Ranveer_Singh"
"492","Ranvir Shorey","https://en.wikipedia.org//wiki/Ranvir_Shorey"
"493","Ravi Babu","https://en.wikipedia.org//wiki/Ravi_Babu"
"494","Ravi Kishan","https://en.wikipedia.org//wiki/Ravi_Kishan"
"495","Ravi Prakash","https://en.wikipedia.org//wiki/Ravi_Prakash"
"496","Ravi Shankar","https://en.wikipedia.org//wiki/P._Ravi_Shankar"
"497","Ravi Teja","https://en.wikipedia.org//wiki/Ravi_Teja"
"498","Ravichandran","https://en.wikipedia.org//wiki/Ravichandran_(Tamil_actor)"
"499","Ravichandran Veeraswamy","https://en.wikipedia.org//wiki/V._Ravichandran"
"500","Raza Murad","https://en.wikipedia.org//wiki/Raza_Murad"
"501","Richard Rishi","https://en.wikipedia.org//wiki/Richard_Rishi"
"502","Rishi Kapoor","https://en.wikipedia.org//wiki/Rishi_Kapoor"
"503","Riteish Deshmukh","https://en.wikipedia.org//wiki/Riteish_Deshmukh"
"504","Riyaz Khan","https://en.wikipedia.org//wiki/Riyaz_Khan"
"505","Rockline Venkatesh","https://en.wikipedia.org//wiki/Rockline_Venkatesh"
"506","Rohit Roy","https://en.wikipedia.org//wiki/Rohit_Roy"
"507","Ronit Roy","https://en.wikipedia.org//wiki/Ronit_Roy"
"508","Roshan Seth","https://en.wikipedia.org//wiki/Roshan_Seth"
"509","S. Narayan","https://en.wikipedia.org//wiki/S._Narayan"
"510","S. J. Suryaah","https://en.wikipedia.org//wiki/S._J._Suryaah"
"511","S. P. Balasubrahmanyam","https://en.wikipedia.org//wiki/S._P._Balasubrahmanyam"
"512","S. P. B. Charan","https://en.wikipedia.org//wiki/S._P._B._Charan"
"513","S. Shankar","https://en.wikipedia.org//wiki/S._Shankar"
"514","S. V. Ranga Rao","https://en.wikipedia.org//wiki/S._V._Ranga_Rao"
"515","Saandip","https://en.wikipedia.org//wiki/Saandip"
"516","Sachet Engineer","https://en.wikipedia.org//wiki/Sachet_Engineer"
"517","Sachin Pilgaonkar","https://en.wikipedia.org//wiki/Sachin_Pilgaonkar"
"518","Sachin Khedekar","https://en.wikipedia.org//wiki/Sachin_Khedekar"
"519","Sachin Pilot","https://en.wikipedia.org//wiki/Sachin_Pilot"
"520","Sadhu Kokila","https://en.wikipedia.org//wiki/Sadhu_Kokila"
"521","Saeed Jaffrey","https://en.wikipedia.org//wiki/Saeed_Jaffrey"
"522","Sahil Khan","https://en.wikipedia.org//wiki/Sahil_Khan"
"523","Sahil Shroff","https://en.wikipedia.org//wiki/Sahil_Shroff"
"524","Sai Kumar","https://en.wikipedia.org//wiki/Sai_Kumar_(Kannada_actor)"
"525","Saikumar","https://en.wikipedia.org//wiki/Saikumar_(Malayalam_actor)"
"526","Saif Ali Khan","https://en.wikipedia.org//wiki/Saif_Ali_Khan"
"527","Sajid Khan","https://en.wikipedia.org//wiki/Sajid_Khan"
"528","Saleem Kumar","https://en.wikipedia.org//wiki/Saleem_Kumar"
"529","Salim Khan","https://en.wikipedia.org//wiki/Salim_Khan"
"530","Salman Khan","https://en.wikipedia.org//wiki/Salman_Khan"
"531","Sameer Dattani","https://en.wikipedia.org//wiki/Sameer_Dattani"
"532","Samir Soni","https://en.wikipedia.org//wiki/Samir_Soni"
"533","Sampath Raj","https://en.wikipedia.org//wiki/Sampath_Raj"
"534","Sandeep Kulkarni","https://en.wikipedia.org//wiki/Sandeep_Kulkarni"
"535","Sanjay Dutt","https://en.wikipedia.org//wiki/Sanjay_Dutt"
"536","Sanjay Kapoor","https://en.wikipedia.org//wiki/Sanjay_Kapoor"
"537","Sanjay Khan","https://en.wikipedia.org//wiki/Sanjay_Khan"
"538","Sanjay Suri","https://en.wikipedia.org//wiki/Sanjay_Suri"
"539","Sanjeev Kumar","https://en.wikipedia.org//wiki/Sanjeev_Kumar"
"540","Sankaradi","https://en.wikipedia.org//wiki/Sankaradi"
"541","Santhanam","https://en.wikipedia.org//wiki/Santhanam_(actor)"
"542","Sapru","https://en.wikipedia.org//wiki/Sapru_(actor)"
"543","Sarath Babu","https://en.wikipedia.org//wiki/Sarath_Babu"
"544","Sarath Kumar","https://en.wikipedia.org//wiki/Sarath_Kumar"
"545","Sarfaraz khan","https://en.wikipedia.org//wiki/Sarfaraz_khan"
"546","Sathyaraj","https://en.wikipedia.org//wiki/Sathyaraj"
"547","Sathyan Nadar","https://en.wikipedia.org//wiki/Sathyan_(actor)"
"548","Sathyan Sivakumar","https://en.wikipedia.org//wiki/Sathyan_(Tamil_actor)"
"549","Satish Shah","https://en.wikipedia.org//wiki/Satish_Shah"
"550","Sathish Ninasam","https://en.wikipedia.org//wiki/Sathish_Ninasam"
"551","Satyajeet Puri","https://en.wikipedia.org//wiki/Satyajeet_Puri"
"552","Sayaji Shinde","https://en.wikipedia.org//wiki/Sayaji_Shinde"
"553","Senthil","https://en.wikipedia.org//wiki/Senthil_(actor)"
"554","Shaam","https://en.wikipedia.org//wiki/Shaam"
"555","Shahid Kapoor","https://en.wikipedia.org//wiki/Shahid_Kapoor"
"556","Shah Rukh Khan","https://en.wikipedia.org//wiki/Shah_Rukh_Khan"
"557","Shammi Kapoor","https://en.wikipedia.org//wiki/Shammi_Kapoor"
"558","Shankar","https://en.wikipedia.org//wiki/Shankar_(actor)"
"559","Shankar Nag","https://en.wikipedia.org//wiki/Shankar_Nag"
"560","Sharad Kelkar","https://en.wikipedia.org//wiki/Sharad_Kelkar"
"561","Sharad Talwalkar","https://en.wikipedia.org//wiki/Sharad_Talwalkar"
"562","Sharath Babu","https://en.wikipedia.org//wiki/Sharath_Babu"
"563","Sharath Kumar","https://en.wikipedia.org//wiki/Sharath_Kumar"
"564","Sharath Lohitashwa","https://en.wikipedia.org//wiki/Sharath_Lohitashwa"
"565","Sharman Joshi","https://en.wikipedia.org//wiki/Sharman_Joshi"
"566","Shashank shende","https://en.wikipedia.org//wiki/Shashank_shende"
"567","Shashi Kapoor","https://en.wikipedia.org//wiki/Shashi_Kapoor"
"568","Shashikumar","https://en.wikipedia.org//wiki/Shashikumar"
"569","Shatrughan Sinha","https://en.wikipedia.org//wiki/Shatrughan_Sinha"
"570","Shehzad Khan","https://en.wikipedia.org//wiki/Shehzad_Khan"
"571","Shekhar Suman","https://en.wikipedia.org//wiki/Shekhar_Suman"
"572","Shiny Ahuja","https://en.wikipedia.org//wiki/Shiny_Ahuja"
"573","Shirish Kunder","https://en.wikipedia.org//wiki/Shirish_Kunder"
"574","Shivarajkumar","https://en.wikipedia.org//wiki/Shivarajkumar"
"575","Shreela Ghosh","https://en.wikipedia.org//wiki/Shreela_Ghosh"
"576","Shreyas Talpade","https://en.wikipedia.org//wiki/Shreyas_Talpade"
"577","Shriram Lagoo","https://en.wikipedia.org//wiki/Shriram_Lagoo"
"578","Sibiraj","https://en.wikipedia.org//wiki/Sibiraj"
"579","Siddhanta Mahapatra","https://en.wikipedia.org//wiki/Siddhanta_Mahapatra"
"580","Siddharth Koirala","https://en.wikipedia.org//wiki/Siddharth_Koirala"
"581","Sidharth Malhotra","https://en.wikipedia.org//wiki/Sidharth_Malhotra"
"582","Siddharth Narayan","https://en.wikipedia.org//wiki/Siddharth_Narayan"
"583","Siddharth Roy Kapur","https://en.wikipedia.org//wiki/Siddharth_Roy_Kapur"
"584","Silambarasan Rajendar","https://en.wikipedia.org//wiki/Silambarasan_Rajendar"
"585","Sihi Kahi Chandru","https://en.wikipedia.org//wiki/Sihi_Kahi_Chandru"
"586","Sikandar Kher","https://en.wikipedia.org//wiki/Sikandar_Kher"
"587","Siva Reddy","https://en.wikipedia.org//wiki/Siva_Reddy"
"588","Sivaji Ganesan","https://en.wikipedia.org//wiki/Sivaji_Ganesan"
"589","Sivakarthikeyan","https://en.wikipedia.org//wiki/Sivakarthikeyan"
"590","Sivakumar","https://en.wikipedia.org//wiki/Sivakumar"
"591","Sobhan Babu","https://en.wikipedia.org//wiki/Sobhan_Babu"
"592","Sohail Khan","https://en.wikipedia.org//wiki/Sohail_Khan"
"593","Soham Chakraborty","https://en.wikipedia.org//wiki/Soham_Chakraborty"
"594","Sohrab Modi","https://en.wikipedia.org//wiki/Sohrab_Modi"
"595","Sonu Nigam","https://en.wikipedia.org//wiki/Sonu_Nigam"
"596","Sonu Sood","https://en.wikipedia.org//wiki/Sonu_Sood"
"597","Sooraj Pancholi","https://en.wikipedia.org//wiki/Sooraj_Pancholi_(actor)"
"598","Sreenivasan","https://en.wikipedia.org//wiki/Sreenivasan_(actor)"
"599","Sri Murali","https://en.wikipedia.org//wiki/Sri_Murali"
"600","Sridhar","https://en.wikipedia.org//wiki/Sridhar_(Kannada_actor)"
"601","Srihari","https://en.wikipedia.org//wiki/Raghumudri_Srihari"
"602","Srikanth Krishnamachari","https://en.wikipedia.org//wiki/Srikanth_(Tamil_actor)"
"603","Srikanth Meka","https://en.wikipedia.org//wiki/Meka_Srikanth"
"604","Srinagar Kitty","https://en.wikipedia.org//wiki/Srinagar_Kitty"
"605","Srinath","https://en.wikipedia.org//wiki/Srinath"
"606","Srinivasa Murthy","https://en.wikipedia.org//wiki/Srinivasa_Murthy"
"607","Srinivasa Reddy","https://en.wikipedia.org//wiki/Srinivasa_Reddy"
"608","Srujan Lokesh","https://en.wikipedia.org//wiki/Srujan_Lokesh"
"609","Subbaraju","https://en.wikipedia.org//wiki/Subbaraju"
"610","Subbaraya Sharma","https://en.wikipedia.org//wiki/Subbaraya_Sharma"
"611","Suchindra Bali","https://en.wikipedia.org//wiki/Suchindra_Bali"
"612","Sudeep","https://en.wikipedia.org//wiki/Sudeep"
"613","Sudheer Babu","https://en.wikipedia.org//wiki/Sudheer_Babu"
"614","Sudhir Dalvi","https://en.wikipedia.org//wiki/Sudhir_Dalvi"
"615","Sukumaran","https://en.wikipedia.org//wiki/Sukumaran"
"616","Suman Setty","https://en.wikipedia.org//wiki/Suman_Setty"
"617","Suman Talwar","https://en.wikipedia.org//wiki/Suman_(actor)"
"618","Sumanth","https://en.wikipedia.org//wiki/Sumanth"
"619","Sumeet Raghavan","https://en.wikipedia.org//wiki/Sumeet_Raghavan"
"620","Suneil Anand","https://en.wikipedia.org//wiki/Suneil_Anand"
"621","Sunil Dutt","https://en.wikipedia.org//wiki/Sunil_Dutt"
"622","Sunil Raoh","https://en.wikipedia.org//wiki/Sunil_Raoh"
"623","Sunil Shetty","https://en.wikipedia.org//wiki/Sunil_Shetty"
"624","Sunil Varma","https://en.wikipedia.org//wiki/Sunil_(actor)"
"625","Sunny Deol","https://en.wikipedia.org//wiki/Sunny_Deol"
"626","Sunny Gill","https://en.wikipedia.org//wiki/Sunny_Gill"
"627","Sunny Singh","https://en.wikipedia.org//wiki/Sunny_Nijar"
"628","Suresh","https://en.wikipedia.org//wiki/Suresh_(actor)"
"629","Suresh Gopi","https://en.wikipedia.org//wiki/Suresh_Gopi"
"630","Suresh Heblikar","https://en.wikipedia.org//wiki/Suresh_Heblikar"
"631","Suresh Joachim","https://en.wikipedia.org//wiki/Suresh_Joachim"
"632","Suresh Krishna","https://en.wikipedia.org//wiki/Suresh_Krishna_(actor)"
"633","Suresh Oberoi","https://en.wikipedia.org//wiki/Suresh_Oberoi"
"634","Surya Sivakumar","https://en.wikipedia.org//wiki/Surya_Sivakumar"
"635","Surya","https://en.wikipedia.org//wiki/Surya"
"636","Sushant Singh Rajput","https://en.wikipedia.org//wiki/Sushant_Singh_Rajput"
"637","Sushanth","https://en.wikipedia.org//wiki/Sushanth"
"638","Suthivelu","https://en.wikipedia.org//wiki/Suthivelu"
"639","Sutti Veerabhadra Rao","https://en.wikipedia.org//wiki/Sutti_Veerabhadra_Rao"
"640","Tabla Nani","https://en.wikipedia.org//wiki/Tabla_Nani"
"641","Tanay Chheda","https://en.wikipedia.org//wiki/Tanay_Chheda"
"642","Tanikella Bharani","https://en.wikipedia.org//wiki/Tanikella_Bharani"
"643","Tapas Paul","https://en.wikipedia.org//wiki/Tapas_Paul"
"644","Taraka Ratna","https://en.wikipedia.org//wiki/Taraka_Ratna"
"645","Tarun Arora","https://en.wikipedia.org//wiki/Tarun_Arora"
"646","Tarun Chandra","https://en.wikipedia.org//wiki/Tarun_Chandra"
"647","Tarun Kumar","https://en.wikipedia.org//wiki/Tarun_Kumar"
"648","Thagubothu Ramesh","https://en.wikipedia.org//wiki/Thagubothu_Ramesh"
"649","Thikkurissy Sukumaran Nair","https://en.wikipedia.org//wiki/Thikkurissy_Sukumaran_Nair"
"650","Thilakan","https://en.wikipedia.org//wiki/Thilakan"
"651","Tharani","https://en.wikipedia.org//wiki/Thotta_Tharani"
"652","Thalaivasal Vijay","https://en.wikipedia.org//wiki/Thalaivasal_Vijay"
"653","Tiger Shroff","https://en.wikipedia.org//wiki/Tiger_Shroff"
"654","Tinnu Anand","https://en.wikipedia.org//wiki/Tinnu_Anand"
"655","Tiku Talsania","https://en.wikipedia.org//wiki/Tiku_Talsania"
"656","Tom Alter","https://en.wikipedia.org//wiki/Tom_Alter"
"657","Tottempudi Gopichand","https://en.wikipedia.org//wiki/Tottempudi_Gopichand"
"658","Tusshar Kapoor","https://en.wikipedia.org//wiki/Tusshar_Kapoor"
"659","Uday Chopra","https://en.wikipedia.org//wiki/Uday_Chopra"
"660","Uday Kiran","https://en.wikipedia.org//wiki/Uday_Kiran"
"661","Udaykumar","https://en.wikipedia.org//wiki/Udaykumar"
"662","Unni Mukundan","https://en.wikipedia.org//wiki/Unni_Mukundan"
"663","Upen Patel","https://en.wikipedia.org//wiki/Upen_Patel"
"664","Upendra","https://en.wikipedia.org//wiki/Upendra_(actor)"
"665","Upendra Limaye","https://en.wikipedia.org//wiki/Upendra_Limaye"
"666","Utpal Dutt","https://en.wikipedia.org//wiki/Utpal_Dutt"
"667","Uttam Kumar","https://en.wikipedia.org//wiki/Uttam_Kumar"
"668","Uttam Mohanty","https://en.wikipedia.org//wiki/Uttam_Mohanty"
"669","Vadivelu","https://en.wikipedia.org//wiki/Vadivelu"
"670","Vajramuni","https://en.wikipedia.org//wiki/Vajramuni"
"671","Varun Dhawan","https://en.wikipedia.org//wiki/Varun_Dhawan"
"672","Varun Sandesh","https://en.wikipedia.org//wiki/Varun_Sandesh"
"673","Veeru Devgan","https://en.wikipedia.org//wiki/Veeru_Devgan"
"674","Venkatesh","https://en.wikipedia.org//wiki/Daggubati_Venkatesh"
"675","Vennela Kishore","https://en.wikipedia.org//wiki/Vennela_Kishore"
"676","Venu Madhav","https://en.wikipedia.org//wiki/Venu_Madhav_(actor)"
"677","Vidharth","https://en.wikipedia.org//wiki/Vidharth"
"678","Vijay Arora","https://en.wikipedia.org//wiki/Vijay_Arora"
"679","Vijay Chandrasekhar","https://en.wikipedia.org//wiki/Vijay_(actor)"
"680","Vijay Duniya","https://en.wikipedia.org//wiki/Duniya_Vijay"
"681","Vijay Raaz","https://en.wikipedia.org//wiki/Vijay_Raaz"
"682","Vijay Raghavendra","https://en.wikipedia.org//wiki/Vijay_Raghavendra"
"683","Vijay Sethupathi","https://en.wikipedia.org//wiki/Vijay_Sethupathi"
"684","Vijayakanth","https://en.wikipedia.org//wiki/Vijayakanth"
"685","Vijayakumar","https://en.wikipedia.org//wiki/Vijayakumar_(actor)"
"686","Vijayaraghavan","https://en.wikipedia.org//wiki/Vijayaraghavan_(actor)"
"687","Vikas Kalantri","https://en.wikipedia.org//wiki/Vikas_Kalantri"
"688","Vikas Sethi","https://en.wikipedia.org//wiki/Vikas_Sethi"
"689","Vikram Gokhale","https://en.wikipedia.org//wiki/Vikram_Gokhale"
"690","Vikram Kennedy","https://en.wikipedia.org//wiki/Vikram_(actor)"
"691","Vikram Prabhu","https://en.wikipedia.org//wiki/Vikram_Prabhu"
"692","Vikranth","https://en.wikipedia.org//wiki/Vikranth"
"693","Vimal","https://en.wikipedia.org//wiki/Vimal"
"694","Vinay Apte","https://en.wikipedia.org//wiki/Vinay_Apte"
"695","Vinay Pathak","https://en.wikipedia.org//wiki/Vinay_Pathak"
"696","Vinay Virmani","https://en.wikipedia.org//wiki/Vinay_Virmani"
"697","Vinayak Joshi","https://en.wikipedia.org//wiki/Vinayak_Joshi"
"698","Vineeth","https://en.wikipedia.org//wiki/Vineeth"
"699","Vineeth Sreenivasan","https://en.wikipedia.org//wiki/Vineeth_Sreenivasan"
"700","Vinod Khanna","https://en.wikipedia.org//wiki/Vinod_Khanna"
"701","Vinod Mehra","https://en.wikipedia.org//wiki/Vinod_Mehra"
"702","Vipin Sharma","https://en.wikipedia.org//wiki/Vipin_Sharma"
"703","Vishal Krishna","https://en.wikipedia.org//wiki/Vishal_Krishna"
"704","Vishal Karwal","https://en.wikipedia.org//wiki/Vishal_Karwal"
"705","Vishnu Manchu","https://en.wikipedia.org//wiki/Vishnu_Manchu"
"706","Vishnu Vishal","https://en.wikipedia.org//wiki/Vishnu_(actor)"
"707","Vishnuvardhan","https://en.wikipedia.org//wiki/Vishnuvardhan_(actor)"
"708","Vivek","https://en.wikipedia.org//wiki/Vivek_(actor)"
"709","Vivek Oberoi","https://en.wikipedia.org//wiki/Vivek_Oberoi"
"710","Vivek Mushran","https://en.wikipedia.org//wiki/Vivek_Mushran"
"711","VTV Ganesh","https://en.wikipedia.org//wiki/VTV_Ganesh"
"712","Yash Gowda","https://en.wikipedia.org//wiki/Yash_(Kannada_actor)"
"713","Yash Pandit","https://en.wikipedia.org//wiki/Yash_Pandit"
"714","Yash Tandon","https://en.wikipedia.org//wiki/Yash_Tandon"
"715","Yash Tonk","https://en.wikipedia.org//wiki/Yash_Tonk"
"716","Yatin Karyekar","https://en.wikipedia.org//wiki/Yatin_Karyekar"
"717","Yogesh","https://en.wikipedia.org//wiki/Yogesh_(actor)"
"718","Yugendran","https://en.wikipedia.org//wiki/Yugendran"
"719","Yuhi Sethu","https://en.wikipedia.org//wiki/Yuhi_Sethu"
"720","Zayed Khan","https://en.wikipedia.org//wiki/Zayed_Khan"
"721","Zulfi Syed","https://en.wikipedia.org//wiki/Zulfi_Syed"
