"","name","http_link"
"1","List of Indian film directors","https://en.wikipedia.org/wiki/List_of_Indian_film_directors"
"2","Aabavanan","https://en.wikipedia.org/wiki/Aabavanan"
"3","Manish Acharya","https://en.wikipedia.org/wiki/Manish_Acharya"
"4","Srikanth Addala","https://en.wikipedia.org/wiki/Srikanth_Addala"
"5","Vijay Adhiraj","https://en.wikipedia.org/wiki/Vijay_Adhiraj"
"6","K. S. Adhiyaman","https://en.wikipedia.org/wiki/K._S._Adhiyaman"
"7","Sai Kiran Adivi","https://en.wikipedia.org/wiki/Sai_Kiran_Adivi"
"8","Nikkhil Advani","https://en.wikipedia.org/wiki/Nikkhil_Advani"
"9","Pankaj Advani","https://en.wikipedia.org/wiki/Pankaj_Advani_(director)"
"10","Jyoti Prasad Agarwala","https://en.wikipedia.org/wiki/Jyoti_Prasad_Agarwala"
"11","Harman Aggarwal","https://en.wikipedia.org/wiki/Harman_Aggarwal"
"12","Jalal Agha","https://en.wikipedia.org/wiki/Jalal_Agha"
"13","Atul Agnihotri","https://en.wikipedia.org/wiki/Atul_Agnihotri"
"14","Sunil Agnihotri","https://en.wikipedia.org/wiki/Sunil_Agnihotri"
"15","Vivek Agnihotri","https://en.wikipedia.org/wiki/Vivek_Agnihotri"
"16","I. Ahmed","https://en.wikipedia.org/wiki/I._Ahmed"
"17","Sanjay Amar","https://en.wikipedia.org/wiki/Sanjay_Amar"
"18","Ameerjan","https://en.wikipedia.org/wiki/Ameerjan"
"19","Kamal Amrohi","https://en.wikipedia.org/wiki/Kamal_Amrohi"
"20","Ketan Anand","https://en.wikipedia.org/wiki/Ketan_Anand"
"21","Siddharth Anand","https://en.wikipedia.org/wiki/Siddharth_Anand"
"22","Sivakumar Ananth","https://en.wikipedia.org/wiki/Sivakumar_Ananth"
"23","P. Anil","https://en.wikipedia.org/wiki/P._Anil"
"24","Alberrt Antoni","https://en.wikipedia.org/wiki/Alberrt_Antoni"
"25","Aneesh Anwar","https://en.wikipedia.org/wiki/Aneesh_Anwar"
"26","A. P. Arjun","https://en.wikipedia.org/wiki/A._P._Arjun"
"27","Chandan Arora","https://en.wikipedia.org/wiki/Chandan_Arora"
"28","Sanjay Arora","https://en.wikipedia.org/wiki/Sanjay_Arora"
"29","Panchu Arunachalam","https://en.wikipedia.org/wiki/Panchu_Arunachalam"
"30","S. D. Arvind","https://en.wikipedia.org/wiki/S._D._Arvind"
"31","R. Aravindraj","https://en.wikipedia.org/wiki/R._Aravindraj"
"32","Alleppey Ashraf","https://en.wikipedia.org/wiki/Alleppey_Ashraf"
"33","Danish Aslam","https://en.wikipedia.org/wiki/Danish_Aslam"
"34","Asrani","https://en.wikipedia.org/wiki/Asrani"
"35","Atlee","https://en.wikipedia.org/wiki/Atlee_(director)"
"36","Mudassar Aziz","https://en.wikipedia.org/wiki/Mudassar_Aziz"
"37","Daljit Singh Baath","https://en.wikipedia.org/wiki/Daljit_Singh_Baath"
"38","Babubhai Mistry","https://en.wikipedia.org/wiki/Babubhai_Mistry"
"39","Sarvottam Badami","https://en.wikipedia.org/wiki/Sarvottam_Badami"
"40","Badri","https://en.wikipedia.org/wiki/Badri_(director)"
"41","Judhajit Bagchi","https://en.wikipedia.org/wiki/Judhajit_Bagchi"
"42","Bala","https://en.wikipedia.org/wiki/Bala_(director)"
"43","K. Balachander","https://en.wikipedia.org/wiki/K._Balachander"
"44","R. Balki","https://en.wikipedia.org/wiki/R._Balki"
"45","Sagar Ballary","https://en.wikipedia.org/wiki/Sagar_Ballary"
"46","R. Balu","https://en.wikipedia.org/wiki/R._Balu"
"47","Chandrashekar Bandiyappa","https://en.wikipedia.org/wiki/Chandrashekar_Bandiyappa"
"48","Bappaditya Bandopadhyay","https://en.wikipedia.org/wiki/Bappaditya_Bandopadhyay"
"49","Sudip Bandyopadhyay","https://en.wikipedia.org/wiki/Sudip_Bandyopadhyay_(director)"
"50","Dibakar Banerjee","https://en.wikipedia.org/wiki/Dibakar_Banerjee"
"51","Chandra Barot","https://en.wikipedia.org/wiki/Chandra_Barot"
"52","Aamir Bashir","https://en.wikipedia.org/wiki/Aamir_Bashir"
"53","Kenny Basumatary","https://en.wikipedia.org/wiki/Kenny_Basumatary"
"54","Ritesh Batra","https://en.wikipedia.org/wiki/Ritesh_Batra"
"55","Harry Baweja","https://en.wikipedia.org/wiki/Harry_Baweja"
"56","Rajinder Singh Bedi","https://en.wikipedia.org/wiki/Rajinder_Singh_Bedi"
"57","Goldie Behl","https://en.wikipedia.org/wiki/Goldie_Behl"
"58","Kanu Behl","https://en.wikipedia.org/wiki/Kanu_Behl"
"59","Shyam Benegal","https://en.wikipedia.org/wiki/Shyam_Benegal"
"60","Mandeep Benipal","https://en.wikipedia.org/wiki/Mandeep_Benipal"
"61","Sisir Bhaduri","https://en.wikipedia.org/wiki/Sisir_Bhaduri"
"62","S. K. Bhagavan","https://en.wikipedia.org/wiki/S._K._Bhagavan"
"63","K. Bhagyaraj","https://en.wikipedia.org/wiki/K._Bhagyaraj"
"64","Anup Bhandari","https://en.wikipedia.org/wiki/Anup_Bhandari"
"65","Sanjay Leela Bhansali","https://en.wikipedia.org/wiki/Sanjay_Leela_Bhansali"
"66","Tanikella Bharani","https://en.wikipedia.org/wiki/Tanikella_Bharani"
"67","Bharathan","https://en.wikipedia.org/wiki/Bharathan_(Tamil_director)"
"68","Marumalarchi Bharathi","https://en.wikipedia.org/wiki/Marumalarchi_Bharathi"
"69","P. Bharathiraja","https://en.wikipedia.org/wiki/P._Bharathiraja"
"70","Smita Bharti","https://en.wikipedia.org/wiki/Smita_Bharti"
"71","H. S. Bhatavdekar","https://en.wikipedia.org/wiki/H._S._Bhatavdekar"
"72","Satyajit Bhatkal","https://en.wikipedia.org/wiki/Satyajit_Bhatkal"
"73","Basu Bhattacharya","https://en.wikipedia.org/wiki/Basu_Bhattacharya"
"74","Jayasree Bhattacharyya","https://en.wikipedia.org/wiki/Jayasree_Bhattacharyya"
"75","Ranadeep Bhattacharyya","https://en.wikipedia.org/wiki/Ranadeep_Bhattacharyya"
"76","Deven Bhojani","https://en.wikipedia.org/wiki/Deven_Bhojani"
"77","Sachin Bhowmick","https://en.wikipedia.org/wiki/Sachin_Bhowmick"
"78","Lalet Bist","https://en.wikipedia.org/wiki/Lalet_Bist_(Lalit_Bisht)"
"79","Amit Bose","https://en.wikipedia.org/wiki/Amit_Bose"
"80","Debaki Bose","https://en.wikipedia.org/wiki/Debaki_Bose"
"81","Satyen Bose","https://en.wikipedia.org/wiki/Satyen_Bose_(director)"
"82","Aliakbar Campwala","https://en.wikipedia.org/wiki/Aliakbar_Campwala"
"83","Raj Chakraborty","https://en.wikipedia.org/wiki/Raj_Chakraborty"
"84","Pramod Chakravorty","https://en.wikipedia.org/wiki/Pramod_Chakravorty"
"85","Tapi Chanakya","https://en.wikipedia.org/wiki/Tapi_Chanakya"
"86","Mamas K. Chandran","https://en.wikipedia.org/wiki/Mamas_K._Chandran"
"87","Yadavan Chandran","https://en.wikipedia.org/wiki/Yadavan_Chandran"
"88","S. A. Chandrasekhar","https://en.wikipedia.org/wiki/S._A._Chandrasekhar"
"89","N. Chandra","https://en.wikipedia.org/wiki/N._Chandra"
"90","R. Chandru","https://en.wikipedia.org/wiki/R._Chandru"
"91","Chandu","https://en.wikipedia.org/wiki/Chandu_(Film_Director)"
"92","Abhishek Chaubey","https://en.wikipedia.org/wiki/Abhishek_Chaubey"
"93","Ksshitij Chaudhary","https://en.wikipedia.org/wiki/Ksshitij_Chaudhary"
"94","Sanjay Puran Singh Chauhan","https://en.wikipedia.org/wiki/Sanjay_Puran_Singh_Chauhan"
"95","Sagari Chhabra","https://en.wikipedia.org/wiki/Sagari_Chhabra"
"96","Sanjay Chhel","https://en.wikipedia.org/wiki/Sanjay_Chhel"
"97","Chi. Guru Dutt","https://en.wikipedia.org/wiki/Chi._Guru_Dutt"
"98","Sakthi Chidambaram","https://en.wikipedia.org/wiki/Sakthi_Chidambaram"
"99","Ranjay Ray Choudhury","https://en.wikipedia.org/wiki/Ranjay_Ray_Choudhury"
"100","Rensil D'Silva","https://en.wikipedia.org/wiki/Rensil_D%27Silva"
"101","Bhagwan Dada","https://en.wikipedia.org/wiki/Bhagwan_Dada"
"102","Yudhvir Dahiya","https://en.wikipedia.org/wiki/Yudhvir_Dahiya"
"103","Dharmesh Darshan","https://en.wikipedia.org/wiki/Dharmesh_Darshan"
"104","Suneel Darshan","https://en.wikipedia.org/wiki/Suneel_Darshan"
"105","Anjan Das","https://en.wikipedia.org/wiki/Anjan_Das"
"106","Nandita Das","https://en.wikipedia.org/wiki/Nandita_Das"
"107","K. Dasarath","https://en.wikipedia.org/wiki/K._Dasarath"
"108","Maruthi Dasari","https://en.wikipedia.org/wiki/Maruthi_Dasari"
"109","Birsa Dasgupta","https://en.wikipedia.org/wiki/Birsa_Dasgupta"
"110","Buddhadeb Dasgupta","https://en.wikipedia.org/wiki/Buddhadeb_Dasgupta"
"111","Rahul Dasgupta","https://en.wikipedia.org/wiki/Rahul_Dasgupta"
"112","Shankar Dayal","https://en.wikipedia.org/wiki/Shankar_Dayal"
"113","Deepshikha","https://en.wikipedia.org/wiki/Deepshikha"
"114","Sabapathy Dekshinamurthy","https://en.wikipedia.org/wiki/Sabapathy_Dekshinamurthy"
"115","Ashish Deo","https://en.wikipedia.org/wiki/Ashish_Deo"
"116","Baljit Singh Deo","https://en.wikipedia.org/wiki/Baljit_Singh_Deo"
"117","Shrabani Deodhar","https://en.wikipedia.org/wiki/Shrabani_Deodhar"
"118","Kunal Deshmukh","https://en.wikipedia.org/wiki/Kunal_Deshmukh"
"119","Devaraj–Mohan","https://en.wikipedia.org/wiki/Devaraj%E2%80%93Mohan"
"120","Chimbu Deven","https://en.wikipedia.org/wiki/Chimbu_Deven"
"121","K. R. Devmani","https://en.wikipedia.org/wiki/K._R._Devmani"
"122","Tharun Bhascker Dhaassyam","https://en.wikipedia.org/wiki/Tharun_Bhascker_Dhaassyam"
"123","Dharani","https://en.wikipedia.org/wiki/Dharani_(director)"
"124","Dharani Dharan","https://en.wikipedia.org/wiki/Dharani_Dharan"
"125","David Dhawan","https://en.wikipedia.org/wiki/David_Dhawan"
"126","Roshni Dinaker","https://en.wikipedia.org/wiki/Roshni_Dinaker"
"127","Rajnesh Domalpalli","https://en.wikipedia.org/wiki/Rajnesh_Domalpalli"
"128","Pankaj Dubey","https://en.wikipedia.org/wiki/Pankaj_Dubey"
"129","Shivendra Singh Dungarpur","https://en.wikipedia.org/wiki/Shivendra_Singh_Dungarpur"
"130","Iqbal Durrani","https://en.wikipedia.org/wiki/Iqbal_Durrani"
"131","Amit Dutta","https://en.wikipedia.org/wiki/Amit_Dutta"
"132","J. P. Dutta","https://en.wikipedia.org/wiki/J._P._Dutta"
"133","Tom Emmatty","https://en.wikipedia.org/wiki/Tom_Emmatty"
"134","Madhu Eravankara","https://en.wikipedia.org/wiki/Madhu_Eravankara"
"135","Ezhil","https://en.wikipedia.org/wiki/Ezhil"
"136","Mahmood Farooqui","https://en.wikipedia.org/wiki/Mahmood_Farooqui"
"137","Fazil","https://en.wikipedia.org/wiki/Fazil_(director)"
"138","Filmfare Award for Best Director","https://en.wikipedia.org/wiki/Filmfare_Award_for_Best_Director"
"139","Sanjay Gadhvi","https://en.wikipedia.org/wiki/Sanjay_Gadhvi"
"140","T. P. Gajendran","https://en.wikipedia.org/wiki/T._P._Gajendran"
"141","Praveen Gandhi","https://en.wikipedia.org/wiki/Praveen_Gandhi"
"142","Babu Ganesh","https://en.wikipedia.org/wiki/Babu_Ganesh"
"143","Gangaraju Gunnam","https://en.wikipedia.org/wiki/Gangaraju_Gunnam"
"144","Anil Ganguly","https://en.wikipedia.org/wiki/Anil_Ganguly"
"145","Mukesh Gautam","https://en.wikipedia.org/wiki/Mukesh_Gautam"
"146","Ravindra Gautam","https://en.wikipedia.org/wiki/Ravindra_Gautam"
"147","Kaushik Ghatak","https://en.wikipedia.org/wiki/Kaushik_Ghatak"
"148","Atanu Ghosh","https://en.wikipedia.org/wiki/Atanu_Ghosh"
"149","Ken Ghosh","https://en.wikipedia.org/wiki/Ken_Ghosh"
"150","Leela Roy Ghosh","https://en.wikipedia.org/wiki/Leela_Roy_Ghosh"
"151","Ranjan Ghosh","https://en.wikipedia.org/wiki/Ranjan_Ghosh"
"152","Shashanka Ghosh","https://en.wikipedia.org/wiki/Shashanka_Ghosh"
"153","Param Gill","https://en.wikipedia.org/wiki/Param_Gill"
"154","R. Ajay Gnanamuthu","https://en.wikipedia.org/wiki/R._Ajay_Gnanamuthu"
"155","Gokul","https://en.wikipedia.org/wiki/Gokul_(director)"
"156","K. S. Gopalakrishnan","https://en.wikipedia.org/wiki/K._S._Gopalakrishnan"
"157","G. V. Rama Raju","https://en.wikipedia.org/wiki/G._V._Rama_Raju"
"158","Ajay Govind","https://en.wikipedia.org/wiki/Ajay_Govind"
"159","Kumar Govind","https://en.wikipedia.org/wiki/Kumar_Govind"
"160","Vinay Govind","https://en.wikipedia.org/wiki/Vinay_Govind"
"161","A. Govindamoorthy","https://en.wikipedia.org/wiki/A._Govindamoorthy"
"162","Sujit Guha","https://en.wikipedia.org/wiki/Sujit_Guha"
"163","Gunasekhar","https://en.wikipedia.org/wiki/Gunasekhar"
"164","Manish Gupta","https://en.wikipedia.org/wiki/Manish_Gupta"
"165","Rohit Gupta","https://en.wikipedia.org/wiki/Rohit_Gupta"
"166","Sanjay Gupta","https://en.wikipedia.org/wiki/Sanjay_Gupta_(director)"
"167","Guru Dhanapal","https://en.wikipedia.org/wiki/Guru_Dhanapal"
"168","Kaizad Gustad","https://en.wikipedia.org/wiki/Kaizad_Gustad"
"169","Mangesh Hadawale","https://en.wikipedia.org/wiki/Mangesh_Hadawale"
"170","Hariharan","https://en.wikipedia.org/wiki/Hariharan_(director)"
"171","Harmesh Malhotra","https://en.wikipedia.org/wiki/Harmesh_Malhotra"
"172","Rajkumar Hirani","https://en.wikipedia.org/wiki/Rajkumar_Hirani"
"173","Homi Master","https://en.wikipedia.org/wiki/Homi_Master"
"174","J. Mahendran","https://en.wikipedia.org/wiki/J._Mahendran"
"175","Mohan Krishna Indraganti","https://en.wikipedia.org/wiki/Mohan_Krishna_Indraganti"
"176","Ardeshir Irani","https://en.wikipedia.org/wiki/Ardeshir_Irani"
"177","Puneet Issar","https://en.wikipedia.org/wiki/Puneet_Issar"
"178","Mukesh Jadhav","https://en.wikipedia.org/wiki/Mukesh_Jadhav"
"179","Priyadarshan Jadhav","https://en.wikipedia.org/wiki/Priyadarshan_Jadhav"
"180","K. P. Jagan","https://en.wikipedia.org/wiki/K._P._Jagan"
"181","Puri Jagannadh","https://en.wikipedia.org/wiki/Puri_Jagannadh"
"182","Abhishek Jain","https://en.wikipedia.org/wiki/Abhishek_Jain"
"183","Paidi Jairaj","https://en.wikipedia.org/wiki/Paidi_Jairaj"
"184","Sanjiv Jaiswal","https://en.wikipedia.org/wiki/Sanjiv_Jaiswal"
"185","Rajesh S. Jala","https://en.wikipedia.org/wiki/Rajesh_S._Jala"
"186","Babu Janardhanan","https://en.wikipedia.org/wiki/Babu_Janardhanan"
"187","Mithran Jawahar","https://en.wikipedia.org/wiki/Mithran_Jawahar"
"188","Jayabharathi","https://en.wikipedia.org/wiki/Jayabharathi_(director)"
"189","Jayaraj","https://en.wikipedia.org/wiki/Jayaraj"
"190","V. Jayashankarr","https://en.wikipedia.org/wiki/V._Jayashankarr"
"191","Jeeva","https://en.wikipedia.org/wiki/Jeeva_(director)"
"192","Manish Jha","https://en.wikipedia.org/wiki/Manish_Jha"
"193","JKS","https://en.wikipedia.org/wiki/JKS_(director)"
"194","Jomon","https://en.wikipedia.org/wiki/Jomon_(director)"
"195","Lal Jose","https://en.wikipedia.org/wiki/Lal_Jose"
"196","Basil Joseph","https://en.wikipedia.org/wiki/Basil_Joseph"
"197","Joshiy","https://en.wikipedia.org/wiki/Joshiy"
"198","K. Amarnath","https://en.wikipedia.org/wiki/K._Amarnath"
"199","K. Rangaraj","https://en.wikipedia.org/wiki/K._Rangaraj"
"200","K. Subash","https://en.wikipedia.org/wiki/K._Subash"
