"","actresses_name","http_link"
"1","Adah Sharma","https://en.wikipedia.org//wiki/Adah_Sharma"
"2","Aditi Sharma","https://en.wikipedia.org//wiki/Aditi_Sharma"
"3","Aditi Govitrikar","https://en.wikipedia.org//wiki/Aditi_Govitrikar"
"4","Aditi Rao Hydari","https://en.wikipedia.org//wiki/Aditi_Rao_Hydari"
"5","Aditi Sarangdhar","https://en.wikipedia.org//wiki/Aditi_Sarangdhar"
"6","Additi Gupta","https://en.wikipedia.org//wiki/Additi_Gupta"
"7","Aindrita Ray","https://en.wikipedia.org//wiki/Aindrita_Ray"
"8","Aishwarya","https://en.wikipedia.org//wiki/Aishwarya_(actress)"
"9","Aishwarya Arjun","https://en.wikipedia.org//wiki/Aishwarya_Arjun"
"10","Aishwarya Devan","https://en.wikipedia.org//wiki/Aishwarya_Devan"
"11","Aishwarya Nag","https://en.wikipedia.org//wiki/Aishwarya_Nag"
"12","Aishwarya Rai","https://en.wikipedia.org//wiki/Aishwarya_Rai"
"13","Aksha Pardasany","https://en.wikipedia.org//wiki/Aksha_Pardasany"
"14","Akshara Gowda","https://en.wikipedia.org//wiki/Akshara_Gowda"
"15","Akshara Haasan","https://en.wikipedia.org//wiki/Akshara_Haasan"
"16","Akshara Menon","https://en.wikipedia.org//wiki/Akshara_Menon"
"17","Alia Bhatt","https://en.wikipedia.org//wiki/Alia_Bhatt"
"18","Amala","https://en.wikipedia.org//wiki/Amala_(actress)"
"19","Amala Paul","https://en.wikipedia.org//wiki/Amala_Paul"
"20","Ambika","https://en.wikipedia.org//wiki/Ambika_(actress)"
"21","Ameeta","https://en.wikipedia.org//wiki/Ameeta"
"22","Ameesha Patel","https://en.wikipedia.org//wiki/Ameesha_Patel"
"23","Amoolya","https://en.wikipedia.org//wiki/Amoolya"
"24","Amrita Arora","https://en.wikipedia.org//wiki/Amrita_Arora"
"25","Amrita Prakash","https://en.wikipedia.org//wiki/Amrita_Prakash"
"26","Amrita Rao","https://en.wikipedia.org//wiki/Amrita_Rao"
"27","Amrita Singh","https://en.wikipedia.org//wiki/Amrita_Singh"
"28","Amruta Khanvilkar","https://en.wikipedia.org//wiki/Amruta_Khanvilkar"
"29","Amyra Dastur","https://en.wikipedia.org//wiki/Amyra_Dastur"
"30","Amy Jackson","https://en.wikipedia.org//wiki/Amy_Jackson"
"31","Anaika Soti","https://en.wikipedia.org//wiki/Anaika_Soti"
"32","Ananya","https://en.wikipedia.org//wiki/Ananya_(actress)"
"33","Anaswara Kumar","https://en.wikipedia.org//wiki/Anaswara_Kumar"
"34","Andrea Jeremiah","https://en.wikipedia.org//wiki/Andrea_Jeremiah"
"35","Anita Hassanandani","https://en.wikipedia.org//wiki/Anita_Hassanandani"
"36","Anita Guha","https://en.wikipedia.org//wiki/Anita_Guha"
"37","Anita Raj","https://en.wikipedia.org//wiki/Anita_Raj"
"38","Anjala Zhaveri","https://en.wikipedia.org//wiki/Anjala_Zhaveri"
"39","Anjali","https://en.wikipedia.org//wiki/Anjali_(actress_born_1986)"
"40","Anjali Devi","https://en.wikipedia.org//wiki/Anjali_Devi"
"41","Anjali Sudhakar","https://en.wikipedia.org//wiki/Anjali_Sudhakar"
"42","Anjana Bhowmick","https://en.wikipedia.org//wiki/Anjana_Bhowmick"
"43","Anjana Sukhani","https://en.wikipedia.org//wiki/Anjana_Sukhani"
"44","Anju Mahendru","https://en.wikipedia.org//wiki/Anju_Mahendru"
"45","Ankita Lokhande","https://en.wikipedia.org//wiki/Ankita_Lokhande"
"46","Ankita Sharma","https://en.wikipedia.org//wiki/Ankita_Sharma"
"47","Ann Augustine","https://en.wikipedia.org//wiki/Ann_Augustine"
"48","Ansiba Hassan","https://en.wikipedia.org//wiki/Ansiba_Hassan"
"49","Antara Mali","https://en.wikipedia.org//wiki/Antara_Mali"
"50","Anu Agarwal","https://en.wikipedia.org//wiki/Anu_Agarwal"
"51","Anu Prabhakar","https://en.wikipedia.org//wiki/Anu_Prabhakar"
"52","Anupama Verma","https://en.wikipedia.org//wiki/Anupama_Verma"
"53","Anuradha Mehta","https://en.wikipedia.org//wiki/Anuradha_Mehta"
"54","Anusha Dandekar","https://en.wikipedia.org//wiki/Anusha_Dandekar"
"55","Anushka Sharma","https://en.wikipedia.org//wiki/Anushka_Sharma"
"56","Anushka Shetty","https://en.wikipedia.org//wiki/Anushka_Shetty"
"57","Anuya Bhagvath","https://en.wikipedia.org//wiki/Anuya_Bhagvath"
"58","Aparajita Mohanty","https://en.wikipedia.org//wiki/Aparajita_Mohanty"
"59","Aparnaa Bajpai","https://en.wikipedia.org//wiki/Aparnaa_Bajpai"
"60","Aparna Sen","https://en.wikipedia.org//wiki/Aparna_Sen"
"61","Archana","https://en.wikipedia.org//wiki/Archana_(actress)"
"62","Archana Jose Kavi","https://en.wikipedia.org//wiki/Archana_Jose_Kavi"
"63","Archana Puran Singh","https://en.wikipedia.org//wiki/Archana_Puran_Singh"
"64","Archana","https://en.wikipedia.org//wiki/Archana_(actress)"
"65","Archana Gupta","https://en.wikipedia.org//wiki/Archana_Gupta"
"66","Archita Sahu","https://en.wikipedia.org//wiki/Archita_Sahu"
"67","Aarti Chhabria","https://en.wikipedia.org//wiki/Aarti_Chhabria"
"68","Arthi Agarwal","https://en.wikipedia.org//wiki/Arthi_Agarwal"
"69","Aruna Irani","https://en.wikipedia.org//wiki/Aruna_Irani"
"70","Aruna Shields","https://en.wikipedia.org//wiki/Aruna_Shields"
"71","Arundathi Nag","https://en.wikipedia.org//wiki/Arundathi_Nag"
"72","Asawari Joshi","https://en.wikipedia.org//wiki/Asawari_Joshi"
"73","Asha Negi","https://en.wikipedia.org//wiki/Asha_Negi"
"74","Asha Parekh","https://en.wikipedia.org//wiki/Asha_Parekh"
"75","Asha Saini","https://en.wikipedia.org//wiki/Asha_Saini"
"76","Ashima Bhalla","https://en.wikipedia.org//wiki/Ashima_Bhalla"
"77","Ashwini Bhave","https://en.wikipedia.org//wiki/Ashwini_Bhave"
"78","Ashwini Kalsekar","https://en.wikipedia.org//wiki/Ashwini_Kalsekar"
"79","Asin Thottumkal","https://en.wikipedia.org//wiki/Asin_Thottumkal"
"80","Ashvini Bhave-Bopardikar","https://en.wikipedia.org//wiki/Ashvini_Bhave-Bopardikar"
"81","Athiya Shetty","https://en.wikipedia.org//wiki/Athiya_Shetty_(actress)"
"82","Ayesha Jhulka","https://en.wikipedia.org//wiki/Ayesha_Jhulka"
"83","Ayesha Takia","https://en.wikipedia.org//wiki/Ayesha_Takia"
"84","Babita","https://en.wikipedia.org//wiki/Babita"
"85","B. V. Radha","https://en.wikipedia.org//wiki/B._V._Radha"
"86","Barkha Bisht","https://en.wikipedia.org//wiki/Barkha_Bisht"
"87","Barsha Priyadarshini","https://en.wikipedia.org//wiki/Barsha_Priyadarshini"
"88","Barsha Rani Bishaya","https://en.wikipedia.org//wiki/Barsha_Rani_Bishaya"
"89","Bhagyashree Patwardhan","https://en.wikipedia.org//wiki/Bhagyashree_Patwardhan"
"90","Bhairavi Goswami","https://en.wikipedia.org//wiki/Bhairavi_Goswami"
"91","Bhama","https://en.wikipedia.org//wiki/Bhama"
"92","Bhanumathi","https://en.wikipedia.org//wiki/Bhanumathi_Ramakrishna"
"93","Bhanupriya","https://en.wikipedia.org//wiki/Bhanupriya"
"94","Bharathi Vishnuvardhan","https://en.wikipedia.org//wiki/Bharathi_(actress)"
"95","Bhavana","https://en.wikipedia.org//wiki/Bhavana_(Kannada_actress)"
"96","Bhavana Menon","https://en.wikipedia.org//wiki/Bhavana_Menon"
"97","Bhavana Rao","https://en.wikipedia.org//wiki/Bhavana_Rao"
"98","Bhavya","https://en.wikipedia.org//wiki/Bhavya"
"99","Bhoomika Chawla","https://en.wikipedia.org//wiki/Bhoomika_Chawla"
"100","Bijoya Ray","https://en.wikipedia.org//wiki/Bijoya_Ray"
"101","Bala Hijam","https://en.wikipedia.org//wiki/Bala_Hijam"
"102","Beena Banerjee","https://en.wikipedia.org//wiki/Beena_Banerjee"
"103","Bidita Bag","https://en.wikipedia.org//wiki/Bidita_Bag"
"104","Bindu","https://en.wikipedia.org//wiki/Bindu_(actress)"
"105","Bindu Madhavi","https://en.wikipedia.org//wiki/Bindu_Madhavi"
"106","Bipasha Basu","https://en.wikipedia.org//wiki/Bipasha_Basu"
"107","Bina Rai","https://en.wikipedia.org//wiki/Bina_Rai"
"108","Carol Gracias","https://en.wikipedia.org//wiki/Carol_Gracias"
"109","Celina Jaitley","https://en.wikipedia.org//wiki/Celina_Jaitley"
"110","Charmila","https://en.wikipedia.org//wiki/Charmila_(actress)"
"111","Charmy Kaur","https://en.wikipedia.org//wiki/Charmy_Kaur"
"112","Chaya Singh","https://en.wikipedia.org//wiki/Chaya_Singh"
"113","Chetana Das","https://en.wikipedia.org//wiki/Chetana_Das"
"114","Chippy","https://en.wikipedia.org//wiki/Chippy_(actress)"
"115","Chithra","https://en.wikipedia.org//wiki/Chithra_(actress)"
"116","Chitrangada Singh","https://en.wikipedia.org//wiki/Chitrangada_Singh"
"117","Chitrashi Rawat","https://en.wikipedia.org//wiki/Chitrashi_Rawat"
"118","Catherine Tresa","https://en.wikipedia.org//wiki/Catherine_Tresa"
"119","Daisy Bopanna","https://en.wikipedia.org//wiki/Daisy_Bopanna"
"120","Daisy Shah","https://en.wikipedia.org//wiki/Daisy_Shah"
"121","Daisy Irani","https://en.wikipedia.org//wiki/Daisy_Irani_(actress)"
"122","Debasree Roy","https://en.wikipedia.org//wiki/Debasree_Roy"
"123","Deeksha Seth","https://en.wikipedia.org//wiki/Deeksha_Seth"
"124","Deepa Sahi","https://en.wikipedia.org//wiki/Deepa_Sahi"
"125","Deepa Sannidhi","https://en.wikipedia.org//wiki/Deepa_Sannidhi"
"126","Deepal Shaw","https://en.wikipedia.org//wiki/Deepal_Shaw"
"127","Deepika Amin","https://en.wikipedia.org//wiki/Deepika_Amin"
"128","Deepika Chikhalia","https://en.wikipedia.org//wiki/Deepika_Chikhalia"
"129","Deepika Kamaiah","https://en.wikipedia.org//wiki/Deepika_Kamaiah"
"130","Deepika Padukone","https://en.wikipedia.org//wiki/Deepika_Padukone"
"131","Deepika Samson","https://en.wikipedia.org//wiki/Deepika_Samson"
"132","Deepika Singh","https://en.wikipedia.org//wiki/Deepika_Singh"
"133","Deepti Naval","https://en.wikipedia.org//wiki/Deepti_Naval"
"134","Deepti Bhatnagar","https://en.wikipedia.org//wiki/Deepti_Bhatnagar"
"135","Delnaaz Paul","https://en.wikipedia.org//wiki/Delnaaz_Paul"
"136","Devayani","https://en.wikipedia.org//wiki/Devayani_(actress)"
"137","Devika","https://en.wikipedia.org//wiki/Devika"
"138","Devika Rani Roerich","https://en.wikipedia.org//wiki/Devika_Rani_Roerich"
"139","Dia Mirza","https://en.wikipedia.org//wiki/Dia_Mirza"
"140","Diana Hayden","https://en.wikipedia.org//wiki/Diana_Hayden"
"141","Diana Penty","https://en.wikipedia.org//wiki/Diana_Penty"
"142","Dimple Jhangiani","https://en.wikipedia.org//wiki/Dimple_Jhangiani"
"143","Dimple Kapadia","https://en.wikipedia.org//wiki/Dimple_Kapadia"
"144","Dipannita Sharma","https://en.wikipedia.org//wiki/Dipannita_Sharma"
"145","Disha Patani","https://en.wikipedia.org//wiki/Disha_Patani"
"146","Disha Vakani","https://en.wikipedia.org//wiki/Disha_Vakani"
"147","Divya Bharati","https://en.wikipedia.org//wiki/Divya_Bharati"
"148","Divya Dutta","https://en.wikipedia.org//wiki/Divya_Dutta"
"149","Divya Spandana","https://en.wikipedia.org//wiki/Divya_Spandana"
"150","Divyanka Tripathi","https://en.wikipedia.org//wiki/Divyanka_Tripathi"
"151","Elli Avram","https://en.wikipedia.org//wiki/Elli_Avram"
"152","Esha Deol","https://en.wikipedia.org//wiki/Esha_Deol"
"153","Esha Gupta","https://en.wikipedia.org//wiki/Esha_Gupta"
"154","Ena Saha","https://en.wikipedia.org//wiki/Ena_Saha"
"155","Evelyn Sharma","https://en.wikipedia.org//wiki/Evelyn_Sharma"
"156","Farah Naaz","https://en.wikipedia.org//wiki/Farah_Naaz"
"157","Farida Jalal","https://en.wikipedia.org//wiki/Farida_Jalal"
"158","Farzana","https://en.wikipedia.org//wiki/Farzana"
"159","Fatma Begum","https://en.wikipedia.org//wiki/Fatma_Begum"
"160","Freida Pinto","https://en.wikipedia.org//wiki/Freida_Pinto"
"161","Feryna Wazheir","https://en.wikipedia.org//wiki/Feryna_Wazheir"
"162","Gajala","https://en.wikipedia.org//wiki/Gajala"
"163","Gayathrie","https://en.wikipedia.org//wiki/Gayathrie"
"164","Gayatri Patel","https://en.wikipedia.org//wiki/Gayatri_Patel"
"165","Gabriela Bertante","https://en.wikipedia.org//wiki/Gabriela_Bertante"
"166","Gauhar Khan","https://en.wikipedia.org//wiki/Gauhar_Khan"
"167","Gauri Karnik","https://en.wikipedia.org//wiki/Gauri_Karnik"
"168","Gayatri Jayaraman","https://en.wikipedia.org//wiki/Gayatri_Jayaraman"
"169","Gayatri Joshi","https://en.wikipedia.org//wiki/Gayatri_Joshi"
"170","Gayathri Raguram","https://en.wikipedia.org//wiki/Gayathri_Raguram"
"171","Geetha","https://en.wikipedia.org//wiki/Geetha_(actress)"
"172","Geeta Bali","https://en.wikipedia.org//wiki/Geeta_Bali"
"173","Geeta Basra","https://en.wikipedia.org//wiki/Geeta_Basra"
"174","Geeta Dutt","https://en.wikipedia.org//wiki/Geeta_Dutt"
"175","Geetu Mohandas","https://en.wikipedia.org//wiki/Geetu_Mohandas"
"176","Genelia D'Souza","https://en.wikipedia.org//wiki/Genelia_D%27Souza"
"177","Girija","https://en.wikipedia.org//wiki/Girija_(actress)"
"178","Girija Shettar","https://en.wikipedia.org//wiki/Girija_Shettar"
"179","Giselli Monteiro","https://en.wikipedia.org//wiki/Giselli_Monteiro"
"180","Gopika","https://en.wikipedia.org//wiki/Gopika"
"181","Gouthami","https://en.wikipedia.org//wiki/Gouthami"
"182","Gowri Pandit","https://en.wikipedia.org//wiki/Gowri_Pandit"
"183","Gowri Munjal","https://en.wikipedia.org//wiki/Gowri_Munjal"
"184","Gul Panag","https://en.wikipedia.org//wiki/Gul_Panag"
"185","Hansika Motwani","https://en.wikipedia.org//wiki/Hansika_Motwani"
"186","Haripriya","https://en.wikipedia.org//wiki/Haripriya"
"187","Harshika Poonacha","https://en.wikipedia.org//wiki/Harshika_Poonacha"
"188","Hazel Keech","https://en.wikipedia.org//wiki/Hazel_Keech"
"189","Heera Rajagopal","https://en.wikipedia.org//wiki/Heera_Rajagopal"
"190","Helen","https://en.wikipedia.org//wiki/Helen_(actress)"
"191","Hema Malini","https://en.wikipedia.org//wiki/Hema_Malini"
"192","Honey Rose","https://en.wikipedia.org//wiki/Honey_Rose"
"193","Hrishitaa Bhatt","https://en.wikipedia.org//wiki/Hrishitaa_Bhatt"
"194","Huma Qureshi","https://en.wikipedia.org//wiki/Huma_Qureshi_(actress)"
"195","Ilene Hamann","https://en.wikipedia.org//wiki/Ilene_Hamann"
"196","Indrani Haldar","https://en.wikipedia.org//wiki/Indrani_Haldar"
"197","Iniya","https://en.wikipedia.org//wiki/Iniya"
"198","Isha Chawla","https://en.wikipedia.org//wiki/Isha_Chawla"
"199","Isha Sharvani","https://en.wikipedia.org//wiki/Isha_Sharvani"
"200","Isha Koppikar","https://en.wikipedia.org//wiki/Isha_Koppikar"
"201","Isha Talwar","https://en.wikipedia.org//wiki/Isha_Talwar"
"202","Iyshwarya Rajesh","https://en.wikipedia.org//wiki/Iyshwarya_Rajesh"
"203","Izabelle Leite","https://en.wikipedia.org//wiki/Izabelle_Leite"
"204","Ileana D'Cruz","https://en.wikipedia.org//wiki/Ileana_D%27Cruz"
"205","Jacqueline Fernandez","https://en.wikipedia.org//wiki/Jacqueline_Fernandez"
"206","Jayabharathi","https://en.wikipedia.org//wiki/Jayabharathi"
"207","Jayachitra","https://en.wikipedia.org//wiki/Jayachitra"
"208","Jayalalithaa","https://en.wikipedia.org//wiki/Jayalalithaa"
"209","Jaya Bachchan","https://en.wikipedia.org//wiki/Jaya_Bachchan"
"210","Jaya Prada","https://en.wikipedia.org//wiki/Jaya_Prada"
"211","Jaya Re","https://en.wikipedia.org//wiki/Jaya_Re"
"212","Jaya Seal","https://en.wikipedia.org//wiki/Jaya_Seal"
"213","Jayasudha","https://en.wikipedia.org//wiki/Jayasudha"
"214","Jayamala","https://en.wikipedia.org//wiki/Jayamala"
"215","Jayamalini","https://en.wikipedia.org//wiki/Jayamalini"
"216","Jennifer Kotwal","https://en.wikipedia.org//wiki/Jennifer_Kotwal"
"217","Jharana Bajracharya","https://en.wikipedia.org//wiki/Jharana_Bajracharya"
"218","Jiah Khan","https://en.wikipedia.org//wiki/Jiah_Khan"
"219","Jugnu Ishiqui","https://en.wikipedia.org//wiki/Jugnu_Ishiqui"
"220","Juhi Chawla","https://en.wikipedia.org//wiki/Juhi_Chawla"
"221","Juhi Babbar","https://en.wikipedia.org//wiki/Juhi_Babbar"
"222","Jyothika","https://en.wikipedia.org//wiki/Jyothika"
"223","Kajal Aggarwal","https://en.wikipedia.org//wiki/Kajal_Aggarwal"
"224","Kajal Kiran","https://en.wikipedia.org//wiki/Kajal_Kiran"
"225","Kajol","https://en.wikipedia.org//wiki/Kajol"
"226","Kalki Koechlin","https://en.wikipedia.org//wiki/Kalki_Koechlin"
"227","Kalpana (Kannada actress)","https://en.wikipedia.org//wiki/Kalpana_(Kannada_actress)"
"228","Kalpana (Hindi Film actress)","https://en.wikipedia.org//wiki/Kalpana_(Hindi_Film_actress)"
"229","Kalpana (Malayalam actress)","https://en.wikipedia.org//wiki/Kalpana_(Malayalam_actress)"
"230","Kalpana Iyer","https://en.wikipedia.org//wiki/Kalpana_Iyer"
"231","Kalpana Kartik","https://en.wikipedia.org//wiki/Kalpana_Kartik"
"232","Kamini Kaushal","https://en.wikipedia.org//wiki/Kamini_Kaushal"
"233","Kamalinee Mukherjee","https://en.wikipedia.org//wiki/Kamalinee_Mukherjee"
"234","Kamna Jethmalani","https://en.wikipedia.org//wiki/Kamna_Jethmalani"
"235","Kanaka","https://en.wikipedia.org//wiki/Kanaka_(actress)"
"236","Kanakam","https://en.wikipedia.org//wiki/Kanakam"
"237","Kanchana","https://en.wikipedia.org//wiki/Kanchana_(actress)"
"238","Kangana Ranaut","https://en.wikipedia.org//wiki/Kangana_Ranaut"
"239","Kanika Subramaniam","https://en.wikipedia.org//wiki/Kanika_Subramaniam"
"240","Kareena Kapoor","https://en.wikipedia.org//wiki/Kareena_Kapoor"
"241","Karishma Kapoor","https://en.wikipedia.org//wiki/Karishma_Kapoor"
"242","Karishma Tanna","https://en.wikipedia.org//wiki/Karishma_Tanna"
"243","Karthika","https://en.wikipedia.org//wiki/Karthika_(actress)"
"244","Karthika Mathew","https://en.wikipedia.org//wiki/Karthika_Mathew"
"245","Karthika Nair","https://en.wikipedia.org//wiki/Karthika_Nair"
"246","Katrina Kaif","https://en.wikipedia.org//wiki/Katrina_Kaif"
"247","Kashmira Shah","https://en.wikipedia.org//wiki/Kashmira_Shah"
"248","Kausalya","https://en.wikipedia.org//wiki/Kausalya_(actress)"
"249","Kaviyoor Ponnamma","https://en.wikipedia.org//wiki/Kaviyoor_Ponnamma"
"250","Kavya Madhavan","https://en.wikipedia.org//wiki/Kavya_Madhavan"
"251","Keerthi Reddy","https://en.wikipedia.org//wiki/Keerthi_Reddy"
"252","Keerthi Suresh","https://en.wikipedia.org//wiki/Keerthi_Suresh"
"253","Khursheed","https://en.wikipedia.org//wiki/Khursheed"
"254","Kimi Katkar","https://en.wikipedia.org//wiki/Kimi_Katkar"
"255","Kimi Verma","https://en.wikipedia.org//wiki/Kimi_Verma"
"256","Kim Sharma","https://en.wikipedia.org//wiki/Kim_Sharma"
"257","Kiran Rathod","https://en.wikipedia.org//wiki/Kiran_Rathod"
"258","Kirron Kher","https://en.wikipedia.org//wiki/Kirron_Kher"
"259","Kirat Bhattal","https://en.wikipedia.org//wiki/Kirat_Bhattal"
"260","Kitu Gidwani","https://en.wikipedia.org//wiki/Kitu_Gidwani"
"261","Koel Mallick","https://en.wikipedia.org//wiki/Koel_Mallick"
"262","Koel Purie","https://en.wikipedia.org//wiki/Koel_Purie"
"263","Koena Mitra","https://en.wikipedia.org//wiki/Koena_Mitra"
"264","Komal","https://en.wikipedia.org//wiki/Komal"
"265","Konkona Sen Sharma","https://en.wikipedia.org//wiki/Konkona_Sen_Sharma"
"266","K. R. Vijaya","https://en.wikipedia.org//wiki/K._R._Vijaya"
"267","Krishna Kumari","https://en.wikipedia.org//wiki/Krishna_Kumari_(actress)"
"268","Kranti Redkar","https://en.wikipedia.org//wiki/Kranti_Redkar"
"269","Kriti Kharbanda","https://en.wikipedia.org//wiki/Kriti_Kharbanda"
"270","Kriti Sanon","https://en.wikipedia.org//wiki/Kriti_Sanon"
"271","Kushboo","https://en.wikipedia.org//wiki/Kushboo"
"272","Kumari","https://en.wikipedia.org//wiki/Kumari_(actress)"
"273","Kumkum","https://en.wikipedia.org//wiki/Kumkum_(actress)"
"274","Kuljeet Randhawa","https://en.wikipedia.org//wiki/Kuljeet_Randhawa"
"275","Kulraj Randhawa","https://en.wikipedia.org//wiki/Kulraj_Randhawa"
"276","Krystle D'Souza","https://en.wikipedia.org//wiki/Krystle_D%27Souza"
"277","Kainaat Arora","https://en.wikipedia.org//wiki/Kainaat_Arora"
"278","Laila Mehdin","https://en.wikipedia.org//wiki/Laila_Mehdin"
"279","Lalita Pawar","https://en.wikipedia.org//wiki/Lalita_Pawar"
"280","Lalitha","https://en.wikipedia.org//wiki/KPAC_Lalitha"
"281","Lalitha","https://en.wikipedia.org//wiki/Travancore_Sisters"
"282","Lara Dutta","https://en.wikipedia.org//wiki/Lara_Dutta"
"283","Lakshmi","https://en.wikipedia.org//wiki/Lakshmi_(actress)"
"284","Lakshmi Gopalaswamy","https://en.wikipedia.org//wiki/Lakshmi_Gopalaswamy"
"285","Lakshmi Manchu","https://en.wikipedia.org//wiki/Lakshmi_Manchu"
"286","Lakshmi Menon","https://en.wikipedia.org//wiki/Lakshmi_Menon_(actress)"
"287","Lakshmi Rai","https://en.wikipedia.org//wiki/Lakshmi_Rai"
"288","Lauren Gottlieb","https://en.wikipedia.org//wiki/Lauren_Gottlieb"
"289","Lavanya Tripathi","https://en.wikipedia.org//wiki/Lavanya_Tripathi"
"290","Laya","https://en.wikipedia.org//wiki/Laya_(actress)"
"291","Leela Chitnis","https://en.wikipedia.org//wiki/Leela_Chitnis"
"292","Leelavathi","https://en.wikipedia.org//wiki/Leelavathi_(actress)"
"293","Leena Chandavarkar","https://en.wikipedia.org//wiki/Leena_Chandavarkar"
"294","Lekha Washington","https://en.wikipedia.org//wiki/Lekha_Washington"
"295","Leslie Tripathy","https://en.wikipedia.org//wiki/Leslie_Tripathy"
"296","Lilette Dubey","https://en.wikipedia.org//wiki/Lilette_Dubey"
"297","Lisa Ray","https://en.wikipedia.org//wiki/Lisa_Ray"
"298","Lisa Haydon","https://en.wikipedia.org//wiki/Lisa_Haydon"
"299","Madhavi","https://en.wikipedia.org//wiki/Madhavi_(actress)"
"300","Madhabi Mukherjee","https://en.wikipedia.org//wiki/Madhabi_Mukherjee"
"301","Madhubala","https://en.wikipedia.org//wiki/Madhubala"
"302","Madhuri Dixit","https://en.wikipedia.org//wiki/Madhuri_Dixit"
"303","Madhumitha","https://en.wikipedia.org//wiki/Madhumitha"
"304","Madhuurima","https://en.wikipedia.org//wiki/Madhuurima"
"305","Madhu Shalini","https://en.wikipedia.org//wiki/Madhu_Shalini"
"306","Madhura Naik","https://en.wikipedia.org//wiki/Madhura_Naik"
"307","Madonna Sebastian","https://en.wikipedia.org//wiki/Madonna_Sebastian"
"308","Mahasweta Ray","https://en.wikipedia.org//wiki/Mahasweta_Ray"
"309","Mahi Gill","https://en.wikipedia.org//wiki/Mahi_Gill"
"310","Mahika Sharma","https://en.wikipedia.org//wiki/Mahika_Sharma"
"311","Mahima Chaudhry","https://en.wikipedia.org//wiki/Mahima_Chaudhry"
"312","Mahua Roychoudhury","https://en.wikipedia.org//wiki/Mahua_Roychoudhury"
"313","Mala Sinha","https://en.wikipedia.org//wiki/Mala_Sinha"
"314","Malashri","https://en.wikipedia.org//wiki/Malashri"
"315","Malavika","https://en.wikipedia.org//wiki/Malavika_(Tamil_actress)"
"316","Malavika Nair","https://en.wikipedia.org//wiki/Malavika_Nair_(actress,_born_1996)"
"317","Malavika Nair","https://en.wikipedia.org//wiki/Malavika_Nair_(actress,_born_1999)"
"318","Malavika Avinash","https://en.wikipedia.org//wiki/Malavika_Avinash"
"319","Malaika Arora","https://en.wikipedia.org//wiki/Malaika_Arora"
"320","Mallika Kapoor","https://en.wikipedia.org//wiki/Mallika_Kapoor"
"321","Mallika Sherawat","https://en.wikipedia.org//wiki/Mallika_Sherawat"
"322","Mamta Kulkarni","https://en.wikipedia.org//wiki/Mamta_Kulkarni"
"323","Mamta Mohandas","https://en.wikipedia.org//wiki/Mamta_Mohandas"
"324","Manasvi Mamgai","https://en.wikipedia.org//wiki/Manasvi_Mamgai"
"325","Mandakini","https://en.wikipedia.org//wiki/Mandakini_(actress)"
"326","Mandira Bedi","https://en.wikipedia.org//wiki/Mandira_Bedi"
"327","Manisha Koirala","https://en.wikipedia.org//wiki/Manisha_Koirala"
"328","Manjari Phadnis","https://en.wikipedia.org//wiki/Manjari_Phadnis"
"329","Manju Bhargavi","https://en.wikipedia.org//wiki/Manju_Bhargavi"
"330","Manju Warrier","https://en.wikipedia.org//wiki/Manju_Warrier"
"331","Manjula","https://en.wikipedia.org//wiki/Manjula_(Kannada_actress)"
"332","Manjula Vijayakumar","https://en.wikipedia.org//wiki/Manjula_Vijayakumar"
"333","Manorama","https://en.wikipedia.org//wiki/Manorama_(Tamil_actress)"
"334","Mantra","https://en.wikipedia.org//wiki/Mantra_(Actress)"
"335","Manya","https://en.wikipedia.org//wiki/Manya_(actress)"
"336","Mawra Hocane","https://en.wikipedia.org//wiki/Mawra_Hocane"
"337","Mayuri Kango","https://en.wikipedia.org//wiki/Mayuri_Kango"
"338","Meena Durairaj","https://en.wikipedia.org//wiki/Meena_Durairaj"
"339","Meena Kumari","https://en.wikipedia.org//wiki/Meena_Kumari"
"340","Meenakshi","https://en.wikipedia.org//wiki/Meenakshi_(actress)"
"341","Meenakshi","https://en.wikipedia.org//wiki/Meenakshi_(Malayalam_actress)"
"342","Meenakshi Dixit","https://en.wikipedia.org//wiki/Meenakshi_Dixit"
"343","Meenakshi Seshadri","https://en.wikipedia.org//wiki/Meenakshi_Seshadri"
"344","Meera","https://en.wikipedia.org//wiki/Meera_(actress)"
"345","Meera Chopra","https://en.wikipedia.org//wiki/Meera_Chopra"
"346","Meera Jasmine","https://en.wikipedia.org//wiki/Meera_Jasmine"
"347","Meera Nandan","https://en.wikipedia.org//wiki/Meera_Nandan"
"348","Meera Vasudevan","https://en.wikipedia.org//wiki/Meera_Vasudevan"
"349","Meghna Naidu","https://en.wikipedia.org//wiki/Meghna_Naidu"
"350","Meghana Raj","https://en.wikipedia.org//wiki/Meghana_Raj"
"351","Merle Oberon","https://en.wikipedia.org//wiki/Merle_Oberon"
"352","Minissha Lamba","https://en.wikipedia.org//wiki/Minissha_Lamba"
"353","Mink Brar","https://en.wikipedia.org//wiki/Mink_Brar"
"354","Mita Vashisht","https://en.wikipedia.org//wiki/Mita_Vashisht"
"355","Mithra Kurian","https://en.wikipedia.org//wiki/Mithra_Kurian"
"356","Moloya Goswami","https://en.wikipedia.org//wiki/Moloya_Goswami"
"357","Monalisa","https://en.wikipedia.org//wiki/Monalisa_(actress)"
"358","Mona Singh","https://en.wikipedia.org//wiki/Mona_Singh"
"359","Monica","https://en.wikipedia.org//wiki/Monica_(actress)"
"360","Monica Bedi","https://en.wikipedia.org//wiki/Monica_Bedi"
"361","Monisha Unni","https://en.wikipedia.org//wiki/Monisha_Unni"
"362","Moon Moon Sen","https://en.wikipedia.org//wiki/Moon_Moon_Sen"
"363","Mouni Roy","https://en.wikipedia.org//wiki/Mouni_Roy"
"364","Moushumi Chatterji","https://en.wikipedia.org//wiki/Moushumi_Chatterji"
"365","Mrinal Dev-Kulkarni","https://en.wikipedia.org//wiki/Mrinal_Dev-Kulkarni"
"366","Mrunmayee Deshpande","https://en.wikipedia.org//wiki/Mrunmayee_Deshpande"
"367","Mukta Barve","https://en.wikipedia.org//wiki/Mukta_Barve"
"368","Mumaith Khan","https://en.wikipedia.org//wiki/Mumaith_Khan"
"369","Mumtaj","https://en.wikipedia.org//wiki/Mumtaj"
"370","Mumtaz Shanti","https://en.wikipedia.org//wiki/Mumtaz_Shanti"
"371","Mumtaz","https://en.wikipedia.org//wiki/Mumtaz_(actress)"
"372","Mumtaz Sorcar","https://en.wikipedia.org//wiki/Mumtaz_Sorcar"
"373","Mugdha Godse","https://en.wikipedia.org//wiki/Mugdha_Godse"
"374","Munmun Dutta","https://en.wikipedia.org//wiki/Munmun_Dutta"
"375","Mugdha Chaphekar","https://en.wikipedia.org//wiki/Mugdha_Chaphekar"
"376","Nadira","https://en.wikipedia.org//wiki/Nadira_(actress)"
"377","Nadiya Moidu","https://en.wikipedia.org//wiki/Nadiya_Moidu"
"378","Nagma","https://en.wikipedia.org//wiki/Nagma"
"379","Nalini","https://en.wikipedia.org//wiki/Nalini_(actress)"
"380","Nalini Jaywant","https://en.wikipedia.org//wiki/Nalini_Jaywant"
"381","Namrata Shirodkar","https://en.wikipedia.org//wiki/Namrata_Shirodkar"
"382","Namitha","https://en.wikipedia.org//wiki/Namitha"
"383","Namitha Pramod","https://en.wikipedia.org//wiki/Namitha_Pramod"
"384","Nanda","https://en.wikipedia.org//wiki/Nanda_(actress)"
"385","Nandana Sen","https://en.wikipedia.org//wiki/Nandana_Sen"
"386","Nandita Chandra","https://en.wikipedia.org//wiki/Nandita_Chandra"
"387","Nandita Das","https://en.wikipedia.org//wiki/Nandita_Das"
"388","Nargis","https://en.wikipedia.org//wiki/Nargis"
"389","Nargis Fakhri","https://en.wikipedia.org//wiki/Nargis_Fakhri"
"390","Natanya Singh","https://en.wikipedia.org//wiki/Natanya_Singh"
"391","Natassha","https://en.wikipedia.org//wiki/Natassha"
"392","Nathalia Kaur","https://en.wikipedia.org//wiki/Nathalia_Kaur"
"393","Nauheed Cyrusi","https://en.wikipedia.org//wiki/Nauheed_Cyrusi"
"394","Nausheen Sardar Ali","https://en.wikipedia.org//wiki/Nausheen_Sardar_Ali"
"395","Navaneet Kaur","https://en.wikipedia.org//wiki/Navaneet_Kaur"
"396","Navya Nair","https://en.wikipedia.org//wiki/Navya_Nair"
"397","Nayanthara","https://en.wikipedia.org//wiki/Nayanthara"
"398","Nazriya Nazim","https://en.wikipedia.org//wiki/Nazriya_Nazim"
"399","Neelam","https://en.wikipedia.org//wiki/Neelam_Kothari"
"400","Neelam Verma","https://en.wikipedia.org//wiki/Neelam_Verma"
"401","Neelima Azeem","https://en.wikipedia.org//wiki/Neelima_Azeem"
"402","Neena Gupta","https://en.wikipedia.org//wiki/Neena_Gupta"
"403","Neena Kulkarni","https://en.wikipedia.org//wiki/Neena_Kulkarni"
"404","Neha Bamb","https://en.wikipedia.org//wiki/Neha_Bamb"
"405","Neha Dhupia","https://en.wikipedia.org//wiki/Neha_Dhupia"
"406","Neha Khan","https://en.wikipedia.org//wiki/Neha_Khan"
"407","Neha Oberoi","https://en.wikipedia.org//wiki/Neha_Oberoi"
"408","Neha Sharma","https://en.wikipedia.org//wiki/Neha_Sharma"
"409","Neeru Bajwa","https://en.wikipedia.org//wiki/Neeru_Bajwa"
"410","Neethu","https://en.wikipedia.org//wiki/Neethu_(actress)"
"411","Neetu Chandra","https://en.wikipedia.org//wiki/Neetu_Chandra"
"412","Neetu Singh","https://en.wikipedia.org//wiki/Neetu_Singh"
"413","Nethra Raghuraman","https://en.wikipedia.org//wiki/Nethra_Raghuraman"
"414","Nicolette Bird","https://en.wikipedia.org//wiki/Nicolette_Bird"
"415","Nidhi Subbaiah","https://en.wikipedia.org//wiki/Nidhi_Subbaiah"
"416","Niharika Singh","https://en.wikipedia.org//wiki/Niharika_Singh"
"417","Nikesha Patel","https://en.wikipedia.org//wiki/Nikesha_Patel"
"418","Niki Aneja","https://en.wikipedia.org//wiki/Niki_Aneja_Walia"
"419","Nikita Anand","https://en.wikipedia.org//wiki/Nikita_Anand"
"420","Nikita J Palekar","https://en.wikipedia.org//wiki/Nikita_Aria"
"421","Nikita Thukral","https://en.wikipedia.org//wiki/Nikita_Thukral"
"422","Nikki Galrani","https://en.wikipedia.org//wiki/Nikki_Galrani"
"423","Nila","https://en.wikipedia.org//wiki/Nila_(actress)"
"424","Nimmi","https://en.wikipedia.org//wiki/Nimmi"
"425","Nirupa Roy","https://en.wikipedia.org//wiki/Nirupa_Roy"
"426","Nirmalamma","https://en.wikipedia.org//wiki/Nirmalamma"
"427","Nirosha","https://en.wikipedia.org//wiki/Nirosha"
"428","Nisha Agarwal","https://en.wikipedia.org//wiki/Nisha_Agarwal"
"429","Nisha Kothari","https://en.wikipedia.org//wiki/Nisha_Kothari"
"430","Nishi","https://en.wikipedia.org//wiki/Nishi_(actress)"
"431","Nithya Das","https://en.wikipedia.org//wiki/Nithya_Das"
"432","Nithya Menen","https://en.wikipedia.org//wiki/Nithya_Menen"
"433","Nivedita Jain","https://en.wikipedia.org//wiki/Nivedita_Jain"
"434","Nivedita Joshi Saraf","https://en.wikipedia.org//wiki/Nivedita_Joshi_Saraf"
"435","Noor Jehan","https://en.wikipedia.org//wiki/Noor_Jehan"
"436","Nutan","https://en.wikipedia.org//wiki/Nutan"
"437","Nimrat Kaur","https://en.wikipedia.org//wiki/Nimrat_Kaur"
"438","Nyla Usha","https://en.wikipedia.org//wiki/Nyla_Usha"
"439","Onjolee Nair","https://en.wikipedia.org//wiki/Onjolee_Nair"
"440","Oviya Helen","https://en.wikipedia.org//wiki/Oviya_Helen"
"441","Padmapriya","https://en.wikipedia.org//wiki/Padmapriya"
"442","Padma Khanna","https://en.wikipedia.org//wiki/Padma_Khanna"
"443","Padma Lakshmi","https://en.wikipedia.org//wiki/Padma_Lakshmi"
"444","Padmini Kolhapure","https://en.wikipedia.org//wiki/Padmini_Kolhapure"
"445","Padmini","https://en.wikipedia.org//wiki/Padmini_(actress)"
"446","Pallavi Joshi","https://en.wikipedia.org//wiki/Pallavi_Joshi"
"447","Pallavi Kulkarni","https://en.wikipedia.org//wiki/Pallavi_Kulkarni"
"448","Pallavi Subhash","https://en.wikipedia.org//wiki/Pallavi_Subhash"
"449","Pallavi Sharda","https://en.wikipedia.org//wiki/Pallavi_Sharda"
"450","Panchi Bora","https://en.wikipedia.org//wiki/Panchi_Bora"
"451","Pandari Bai","https://en.wikipedia.org//wiki/Pandari_Bai"
"452","Paoli Dam","https://en.wikipedia.org//wiki/Paoli_Dam"
"453","Parineeti Chopra","https://en.wikipedia.org//wiki/Parineeti_Chopra"
"454","Parminder Nagra","https://en.wikipedia.org//wiki/Parminder_Nagra"
"455","Parul Chauhan","https://en.wikipedia.org//wiki/Parul_Chauhan"
"456","Parul Gulati","https://en.wikipedia.org//wiki/Parul_Gulati"
"457","Parul Yadav","https://en.wikipedia.org//wiki/Parul_Yadav"
"458","Parvathy Jayaram","https://en.wikipedia.org//wiki/Parvathy_Jayaram"
"459","Parvathy Omanakuttan","https://en.wikipedia.org//wiki/Parvathy_Omanakuttan"
"460","Parvati Melton","https://en.wikipedia.org//wiki/Parvati_Melton"
"461","Parvati Menon","https://en.wikipedia.org//wiki/Parvati_Menon"
"462","Parveen Babi","https://en.wikipedia.org//wiki/Parveen_Babi"
"463","Patience Cooper","https://en.wikipedia.org//wiki/Patience_Cooper"
"464","Patralekha","https://en.wikipedia.org//wiki/Patralekha"
"465","Payal Rohatgi","https://en.wikipedia.org//wiki/Payal_Rohatgi"
"466","Payal Sarkar","https://en.wikipedia.org//wiki/Payal_Sarkar"
"467","Payal Ghosh","https://en.wikipedia.org//wiki/Payal_Ghosh"
"468","Perizaad Zorabian","https://en.wikipedia.org//wiki/Perizaad_Zorabian"
"469","Pia Bajpai","https://en.wikipedia.org//wiki/Pia_Bajpai"
"470","Pooja Batra","https://en.wikipedia.org//wiki/Pooja_Batra"
"471","Pooja Bedi","https://en.wikipedia.org//wiki/Pooja_Bedi"
"472","Pooja Bhatt","https://en.wikipedia.org//wiki/Pooja_Bhatt"
"473","Pooja Gandhi","https://en.wikipedia.org//wiki/Pooja_Gandhi"
"474","Pooja Kanwal","https://en.wikipedia.org//wiki/Pooja_Kanwal"
"475","Pooja Umashankar","https://en.wikipedia.org//wiki/Pooja_Umashankar"
"476","Poonam Bajwa","https://en.wikipedia.org//wiki/Poonam_Bajwa"
"477","Poonam Jhawer","https://en.wikipedia.org//wiki/Poonam_Jhawer"
"478","Poonam Dhillon","https://en.wikipedia.org//wiki/Poonam_Dhillon"
"479","Poonam Kaur","https://en.wikipedia.org//wiki/Poonam_Kaur"
"480","Poonam Pandey","https://en.wikipedia.org//wiki/Poonam_Pandey"
"481","Prayaga Martin","https://en.wikipedia.org//wiki/Prayaga_Martin"
"482","Prachi Desai","https://en.wikipedia.org//wiki/Prachi_Desai"
"483","Pratibha Sinha","https://en.wikipedia.org//wiki/Pratibha_Sinha"
"484","Pranitha Subhash","https://en.wikipedia.org//wiki/Pranitha_Subhash"
"485","Preetha Vijayakumar","https://en.wikipedia.org//wiki/Preetha_Vijayakumar"
"486","Preeti Jhangiani","https://en.wikipedia.org//wiki/Preeti_Jhangiani"
"487","Preity Zinta","https://en.wikipedia.org//wiki/Preity_Zinta"
"488","Prema","https://en.wikipedia.org//wiki/Prema_(actress)"
"489","Prema Narayan","https://en.wikipedia.org//wiki/Prema_Narayan"
"490","Priti Sapru","https://en.wikipedia.org//wiki/Priti_Sapru"
"491","Priyanka Chopra","https://en.wikipedia.org//wiki/Priyanka_Chopra"
"492","Priya Bapat","https://en.wikipedia.org//wiki/Priya_Bapat"
"493","Priya Gill","https://en.wikipedia.org//wiki/Priya_Gill"
"494","Priya Lal","https://en.wikipedia.org//wiki/Priya_Lal"
"495","Priya Raman","https://en.wikipedia.org//wiki/Priya_Raman"
"496","Priya Rajvansh","https://en.wikipedia.org//wiki/Priya_Rajvansh"
"497","Priya Wal","https://en.wikipedia.org//wiki/Priya_Wal"
"498","Priyamani","https://en.wikipedia.org//wiki/Priyamani"
"499","Priyanka Bassi","https://en.wikipedia.org//wiki/Priyanka_Bassi"
"500","Priyanka Sharma","https://en.wikipedia.org//wiki/Priyanka_Sharma"
"501","Priyanka Trivedi","https://en.wikipedia.org//wiki/Priyanka_Trivedi"
"502","Preetika Rao","https://en.wikipedia.org//wiki/Preetika_Rao"
"503","Priyanka Chopra","https://en.wikipedia.org//wiki/Priyanka_Chopra"
"504","Raakhee","https://en.wikipedia.org//wiki/Raakhee"
"505","Radhika Apte","https://en.wikipedia.org//wiki/Radhika_Apte"
"506","Raadhika Sarathkumar","https://en.wikipedia.org//wiki/Raadhika_Sarathkumar"
"507","Rachana Narayanankutty","https://en.wikipedia.org//wiki/Rachana_Narayanankutty"
"508","Rachna Banerjee","https://en.wikipedia.org//wiki/Rachna_Banerjee"
"509","Radha","https://en.wikipedia.org//wiki/Radha_(actress)"
"510","Radha Saluja","https://en.wikipedia.org//wiki/Radha_Saluja"
"511","Radhika Chaudhari","https://en.wikipedia.org//wiki/Radhika_Chaudhari"
"512","Radhika Kumaraswamy","https://en.wikipedia.org//wiki/Radhika_Kumaraswamy"
"513","Radhika Pandit","https://en.wikipedia.org//wiki/Radhika_Pandit"
"514","Ragini","https://en.wikipedia.org//wiki/Ragini"
"515","Ragini Dwivedi","https://en.wikipedia.org//wiki/Ragini_Dwivedi"
"516","Ragini Khanna","https://en.wikipedia.org//wiki/Ragini_Khanna"
"517","Rajshree","https://en.wikipedia.org//wiki/Rajshree"
"518","Raima Sen","https://en.wikipedia.org//wiki/Raima_Sen"
"519","Rakhi Sawant","https://en.wikipedia.org//wiki/Rakhi_Sawant"
"520","Rakul Preet Singh","https://en.wikipedia.org//wiki/Rakul_Preet_Singh"
"521","Rakshita","https://en.wikipedia.org//wiki/Rakshita"
"522","Rambha","https://en.wikipedia.org//wiki/Rambha_(actress)"
"523","Rameshwari","https://en.wikipedia.org//wiki/Rameshwari"
"524","Ranjeeta Kaur","https://en.wikipedia.org//wiki/Ranjeeta_Kaur"
"525","Ranjitha","https://en.wikipedia.org//wiki/Ranjitha"
"526","Rajini","https://en.wikipedia.org//wiki/Rajini"
"527","Rani Mukerji","https://en.wikipedia.org//wiki/Rani_Mukerji"
"528","Ramya","https://en.wikipedia.org//wiki/Ramya"
"529","Ramya Barna","https://en.wikipedia.org//wiki/Ramya_Barna"
"530","Ramya Krishnan","https://en.wikipedia.org//wiki/Ramya_Krishnan"
"531","Ramya Sri","https://en.wikipedia.org//wiki/Ramya_Sri"
"532","Rashi Khanna","https://en.wikipedia.org//wiki/Rashi_Khanna"
"533","Rashmi Desai","https://en.wikipedia.org//wiki/Rashmi_Desai"
"534","Ratan Rajput","https://en.wikipedia.org//wiki/Ratan_Rajput"
"535","Rati Agnihotri","https://en.wikipedia.org//wiki/Rati_Agnihotri"
"536","Rati Pandey","https://en.wikipedia.org//wiki/Rati_Pandey"
"537","Ratna Pathak Shah","https://en.wikipedia.org//wiki/Ratna_Pathak_Shah"
"538","Raveena Tandon","https://en.wikipedia.org//wiki/Raveena_Tandon"
"539","Reena Roy","https://en.wikipedia.org//wiki/Reena_Roy"
"540","Reema Lagoo","https://en.wikipedia.org//wiki/Reema_Lagoo"
"541","Reema Sen","https://en.wikipedia.org//wiki/Reema_Sen"
"542","Regina Cassandra","https://en.wikipedia.org//wiki/Regina_Cassandra"
"543","Rekha","https://en.wikipedia.org//wiki/Rekha"
"544","Rekha","https://en.wikipedia.org//wiki/Rekha_(South_Indian_actress)"
"545","Rekha Rana","https://en.wikipedia.org//wiki/Rekha_Rana"
"546","Rekha Vedavyas","https://en.wikipedia.org//wiki/Rekha_Vedavyas"
"547","Reenu Mathews","https://en.wikipedia.org//wiki/Reenu_Mathews"
"548","Renuka Shahane","https://en.wikipedia.org//wiki/Renuka_Shahane"
"549","Renuka Menon","https://en.wikipedia.org//wiki/Renuka_Menon"
"550","Revathi","https://en.wikipedia.org//wiki/Revathi"
"551","Rhea Chakraborty","https://en.wikipedia.org//wiki/Rhea_Chakraborty"
"552","Richa Ahuja","https://en.wikipedia.org//wiki/Richa_Ahuja"
"553","Richa Chaddha","https://en.wikipedia.org//wiki/Richa_Chaddha"
"554","Richa Gangopadhyay","https://en.wikipedia.org//wiki/Richa_Gangopadhyay"
"555","Richa Pallod","https://en.wikipedia.org//wiki/Richa_Pallod"
"556","Richa Panai","https://en.wikipedia.org//wiki/Richa_Panai"
"557","Richa Sharma","https://en.wikipedia.org//wiki/Richa_Sharma_(actress)"
"558","Rima Kallingal","https://en.wikipedia.org//wiki/Rima_Kallingal"
"559","Rimi Sen","https://en.wikipedia.org//wiki/Rimi_Sen"
"560","Rimi Tomy","https://en.wikipedia.org//wiki/Rimi_Tomy"
"561","Rinke Khanna","https://en.wikipedia.org//wiki/Rinke_Khanna"
"562","Rita Bhaduri","https://en.wikipedia.org//wiki/Rita_Bhaduri"
"563","Rituparna Sengupta","https://en.wikipedia.org//wiki/Rituparna_Sengupta"
"564","Riya Sen","https://en.wikipedia.org//wiki/Riya_Sen"
"565","Rohini Hattangadi","https://en.wikipedia.org//wiki/Rohini_Hattangadi"
"566","Roja","https://en.wikipedia.org//wiki/Roja_(actress)"
"567","Roja Ramani","https://en.wikipedia.org//wiki/Roja_Ramani"
"568","Roma","https://en.wikipedia.org//wiki/Roma_(actress)"
"569","Roopa Ganguly","https://en.wikipedia.org//wiki/Roopa_Ganguly"
"570","Roopa Iyer","https://en.wikipedia.org//wiki/Roopa_Iyer"
"571","Roshni Chopra","https://en.wikipedia.org//wiki/Roshni_Chopra"
"572","Ruby Parihar","https://en.wikipedia.org//wiki/Ruby_Parihar"
"573","Rucha Gujarathi","https://en.wikipedia.org//wiki/Rucha_Gujarathi"
"574","Rupini","https://en.wikipedia.org//wiki/Rupini_(actress)"
"575","Ranjana Deshmukh","https://en.wikipedia.org//wiki/Ranjana_Deshmukh"
"576","Sabitri Chatterjee","https://en.wikipedia.org//wiki/Sabitri_Chatterjee"
"577","S. Varalakshmi","https://en.wikipedia.org//wiki/S._Varalakshmi"
"578","Sagarika Ghatge","https://en.wikipedia.org//wiki/Sagarika_Ghatge"
"579","Sadha","https://en.wikipedia.org//wiki/Sadha"
"580","Sana Althaf","https://en.wikipedia.org//wiki/Sana_Althaf"
"581","Sadhana","https://en.wikipedia.org//wiki/Sadhana_Shivdasani"
"582","Sadhana Shivdasani","https://en.wikipedia.org//wiki/Sadhana_Shivdasani"
"583","Samskruthy Shenoy","https://en.wikipedia.org//wiki/Samskruthy_Shenoy"
"584","Sanaya Irani","https://en.wikipedia.org//wiki/Sanaya_Irani"
"585","Sandeepa Dhar","https://en.wikipedia.org//wiki/Sandeepa_Dhar"
"586","Sandhya","https://en.wikipedia.org//wiki/Sandhya_Shantaram"
"587","Sandhya Mridul","https://en.wikipedia.org//wiki/Sandhya_Mridul"
"588","Sandhya Roy","https://en.wikipedia.org//wiki/Sandhya_Roy"
"589","Saniya Anklesaria","https://en.wikipedia.org//wiki/Saniya_Anklesaria"
"590","Sanjeeda Sheikh","https://en.wikipedia.org//wiki/Sanjeeda_Sheikh"
"591","Sakshi Shivanand","https://en.wikipedia.org//wiki/Sakshi_Shivanand"
"592","Sakshi Talwar","https://en.wikipedia.org//wiki/Sakshi_Talwar"
"593","Sakshi Tanwar","https://en.wikipedia.org//wiki/Sakshi_Tanwar"
"594","Sai Pallavi","https://en.wikipedia.org//wiki/Sai_Pallavi"
"595","Sai Tamhankar","https://en.wikipedia.org//wiki/Sai_Tamhankar"
"596","Saira Banu","https://en.wikipedia.org//wiki/Saira_Banu"
"597","Salma Agha","https://en.wikipedia.org//wiki/Salma_Agha"
"598","Saloni Aswani","https://en.wikipedia.org//wiki/Saloni_Aswani"
"599","Samantha Ruth Prabhu","https://en.wikipedia.org//wiki/Samantha_Ruth_Prabhu"
"600","Samiksha","https://en.wikipedia.org//wiki/Sameksha"
"601","Sameera Reddy","https://en.wikipedia.org//wiki/Sameera_Reddy"
"602","Samvrutha Sunil","https://en.wikipedia.org//wiki/Samvrutha_Sunil"
"603","Sana Amin Sheikh","https://en.wikipedia.org//wiki/Sana_Amin_Sheikh"
"604","Sana Khan","https://en.wikipedia.org//wiki/Sana_Khan"
"605","Sana Saeed","https://en.wikipedia.org//wiki/Sana_Saeed"
"606","Sanchita Padukone","https://en.wikipedia.org//wiki/Sanchita_Padukone"
"607","Sandeepa Dhar","https://en.wikipedia.org//wiki/Sandeepa_Dhar"
"608","Sangeeta Bijlani","https://en.wikipedia.org//wiki/Sangeeta_Bijlani"
"609","Sanober Kabir","https://en.wikipedia.org//wiki/Sanober_Kabir"
"610","Sandali Sinha","https://en.wikipedia.org//wiki/Sandali_Sinha"
"611","Sanghavi","https://en.wikipedia.org//wiki/Sanghavi"
"612","Sanjjanaa","https://en.wikipedia.org//wiki/Sanjjanaa"
"613","Sanjana Gandhi","https://en.wikipedia.org//wiki/Sanjana_Gandhi"
"614","Santoshi","https://en.wikipedia.org//wiki/Santoshi_(actress)"
"615","Sarah Jane Dias","https://en.wikipedia.org//wiki/Sarah_Jane_Dias"
"616","Saranya Mohan","https://en.wikipedia.org//wiki/Saranya_Mohan"
"617","Sarayu (actress)","https://en.wikipedia.org//wiki/Sarayu_(actress)"
"618","Sarika","https://en.wikipedia.org//wiki/Sarika"
"619","Saritha","https://en.wikipedia.org//wiki/Saritha"
"620","Saroja Devi","https://en.wikipedia.org//wiki/B._Saroja_Devi"
"621","Saumya Tandon","https://en.wikipedia.org//wiki/Saumya_Tandon"
"622","Savitri","https://en.wikipedia.org//wiki/Savitri_(actress)"
"623","Sayali Bhagat","https://en.wikipedia.org//wiki/Sayali_Bhagat"
"624","Sayani Gupta","https://en.wikipedia.org//wiki/Sayani_Gupta"
"625","Sayyeshaa Saigal","https://en.wikipedia.org//wiki/Sayyeshaa_Saigal"
"626","Scarlett Mellish Wilson","https://en.wikipedia.org//wiki/Scarlett_Mellish_Wilson"
"627","Seerat Kapoor","https://en.wikipedia.org//wiki/Seerat_Kapoor"
"628","Seema Biswas","https://en.wikipedia.org//wiki/Seema_Biswas"
"629","Seetha","https://en.wikipedia.org//wiki/Seetha_(actress)"
"630","Shabana Azmi","https://en.wikipedia.org//wiki/Shabana_Azmi"
"631","Shalini","https://en.wikipedia.org//wiki/Shalini"
"632","Shamili","https://en.wikipedia.org//wiki/Shamili"
"633","Shahana Goswami","https://en.wikipedia.org//wiki/Shahana_Goswami"
"634","Sakshi Tanwar","https://en.wikipedia.org//wiki/Sakshi_Tanwar"
"635","Sharmila Mandre","https://en.wikipedia.org//wiki/Sharmila_Mandre"
"636","Sharmilee","https://en.wikipedia.org//wiki/Sharmilee"
"637","Shakeela","https://en.wikipedia.org//wiki/Shakeela"
"638","Shamita Shetty","https://en.wikipedia.org//wiki/Shamita_Shetty"
"639","Sharmila Tagore","https://en.wikipedia.org//wiki/Sharmila_Tagore"
"640","Shashikala","https://en.wikipedia.org//wiki/Shashikala"
"641","Shazahn Padamsee","https://en.wikipedia.org//wiki/Shazahn_Padamsee"
"642","Sheela","https://en.wikipedia.org//wiki/Sheela_(actress)"
"643","Sheela","https://en.wikipedia.org//wiki/Sheela_(Tamil_actress)"
"644","Sheena Bajaj","https://en.wikipedia.org//wiki/Sheena_Bajaj"
"645","Sheena Chohan","https://en.wikipedia.org//wiki/Sheena_Chohan"
"646","Sheena Shahabadi","https://en.wikipedia.org//wiki/Sheena_Shahabadi"
"647","Shenaz Treasurywala","https://en.wikipedia.org//wiki/Shenaz_Treasurywala"
"648","Sherin","https://en.wikipedia.org//wiki/Sherin"
"649","Sherlyn Chopra","https://en.wikipedia.org//wiki/Sherlyn_Chopra"
"650","Shilpa Shetty","https://en.wikipedia.org//wiki/Shilpa_Shetty"
"651","Shilpa Shirodkar","https://en.wikipedia.org//wiki/Shilpa_Shirodkar"
"652","Shilpa Tulaskar","https://en.wikipedia.org//wiki/Shilpa_Tulaskar"
"653","Shilpa Anand","https://en.wikipedia.org//wiki/Shilpa_Anand"
"654","Shilpi Sharma","https://en.wikipedia.org//wiki/Shilpi_Sharma"
"655","Shweta Basu Prasad","https://en.wikipedia.org//wiki/Shweta_Basu_Prasad"
"656","Shweta Bhardwaj","https://en.wikipedia.org//wiki/Shweta_Bhardwaj"
"657","Shweta Menon","https://en.wikipedia.org//wiki/Shweta_Menon"
"658","Shweta Gulati","https://en.wikipedia.org//wiki/Shweta_Gulati"
"659","Shobhana","https://en.wikipedia.org//wiki/Shobhana"
"660","Shobhna Samarth","https://en.wikipedia.org//wiki/Shobhna_Samarth"
"661","Shraddha Das","https://en.wikipedia.org//wiki/Shraddha_Das"
"662","Shraddha Kapoor","https://en.wikipedia.org//wiki/Shraddha_Kapoor"
"663","Shravanthi Sainath","https://en.wikipedia.org//wiki/Shravanthi_Sainath"
"664","Shruthi Haasan","https://en.wikipedia.org//wiki/Shruti_Haasan"
"665","Shruti Sodhi","https://en.wikipedia.org//wiki/Shruti_Sodhi"
"666","Shruti","https://en.wikipedia.org//wiki/Shruti_(actress)"
"667","Shruti Kanwar","https://en.wikipedia.org//wiki/Shruti_Kanwar"
"668","Shritha Sivadas","https://en.wikipedia.org//wiki/Shritha_Sivadas"
"669","Shriya Saran","https://en.wikipedia.org//wiki/Shriya_Saran"
"670","Shriya Pilgaonkar","https://en.wikipedia.org//wiki/Shriya_Pilgaonkar"
"671","Shriya Sharma","https://en.wikipedia.org//wiki/Shriya_Sharma"
"672","Shubha Poonja","https://en.wikipedia.org//wiki/Shubha_Poonja"
"673","Shyama","https://en.wikipedia.org//wiki/Shyama"
"674","Sija Rose","https://en.wikipedia.org//wiki/Sija_Rose"
"675","Simi Garewal","https://en.wikipedia.org//wiki/Simi_Garewal"
"676","Simone Singh","https://en.wikipedia.org//wiki/Simone_Singh"
"677","Simple Kapadia","https://en.wikipedia.org//wiki/Simple_Kapadia"
"678","Simple Kaur","https://en.wikipedia.org//wiki/Simple_Kaur"
"679","Simran Mundi","https://en.wikipedia.org//wiki/Simran_Kaur_Mundi"
"680","Simran","https://en.wikipedia.org//wiki/Simran_(actress)"
"681","Sindhu","https://en.wikipedia.org//wiki/Sindhu"
"682","Sindhu Tolani","https://en.wikipedia.org//wiki/Sindhu_Tolani"
"683","Sindhu Menon","https://en.wikipedia.org//wiki/Sindhu_Menon"
"684","Silk Smitha","https://en.wikipedia.org//wiki/Silk_Smitha"
"685","Sithara","https://en.wikipedia.org//wiki/Sithara_(actress)"
"686","Smita Patil","https://en.wikipedia.org//wiki/Smita_Patil"
"687","Smriti Irani","https://en.wikipedia.org//wiki/Smriti_Irani"
"688","Sneha Ullal","https://en.wikipedia.org//wiki/Sneha_Ullal"
"689","Sneha","https://en.wikipedia.org//wiki/Sneha_(actress)"
"690","Sneha Unnikrishnan","https://en.wikipedia.org//wiki/Sneha_Unnikrishnan"
"691","Snigdha Akolkar","https://en.wikipedia.org//wiki/Snigdha_Akolkar"
"692","Soha Ali Khan","https://en.wikipedia.org//wiki/Soha_Ali_Khan"
"693","Sonakshi Sinha","https://en.wikipedia.org//wiki/Sonakshi_Sinha"
"694","Sonali Bendre","https://en.wikipedia.org//wiki/Sonali_Bendre"
"695","Sonali Kulkarni","https://en.wikipedia.org//wiki/Sonali_Kulkarni"
"696","Sonalee Kulkarni","https://en.wikipedia.org//wiki/Sonalee_Kulkarni"
"697","Sonal Chauhan","https://en.wikipedia.org//wiki/Sonal_Chauhan"
"698","Sonam (actress)","https://en.wikipedia.org//wiki/Sonam_(actress)"
"699","Sonam Bajwa","https://en.wikipedia.org//wiki/Sonam_Bajwa"
"700","Sonam Kapoor","https://en.wikipedia.org//wiki/Sonam_Kapoor"
"701","Sonarika Bhadoria","https://en.wikipedia.org//wiki/Sonarika_Bhadoria"
"702","Sonia Agarwal","https://en.wikipedia.org//wiki/Sonia_Agarwal"
"703","Sonu","https://en.wikipedia.org//wiki/Sonu_(actress)"
"704","Sonu Walia","https://en.wikipedia.org//wiki/Sonu_Walia"
"705","Sophia Chaudhary","https://en.wikipedia.org//wiki/Sophia_Chaudhary"
"706","Soundarya","https://en.wikipedia.org//wiki/Soundarya"
"707","Spruha Joshi","https://en.wikipedia.org//wiki/Spruha_Joshi"
"708","Srabanti Chatterjee","https://en.wikipedia.org//wiki/Srabanti_Chatterjee"
"709","Sridevi","https://en.wikipedia.org//wiki/Sridevi"
"710","Sri Divya","https://en.wikipedia.org//wiki/Sri_Divya"
"711","Srividya","https://en.wikipedia.org//wiki/Srividya"
"712","Sripriya","https://en.wikipedia.org//wiki/Sripriya"
"713","Subbulakshmi","https://en.wikipedia.org//wiki/M.S._Subbulakshmi"
"714","Suchitra Krishnamurthy","https://en.wikipedia.org//wiki/Suchitra_Krishnamurthy"
"715","Suchitra Sen","https://en.wikipedia.org//wiki/Suchitra_Sen"
"716","Sunitha","https://en.wikipedia.org//wiki/Sunitha_(actress)"
"717","Sudha Chandran","https://en.wikipedia.org//wiki/Sudha_Chandran"
"718","Sudha Rani","https://en.wikipedia.org//wiki/Sudha_Rani"
"719","Sudipta Chakraborty","https://en.wikipedia.org//wiki/Sudipta_Chakraborty"
"720","Suhasi Goradia Dhami","https://en.wikipedia.org//wiki/Suhasi_Goradia_Dhami"
"721","Suhasini","https://en.wikipedia.org//wiki/Suhasini_Mani_Ratnam"
"722","Sujatha","https://en.wikipedia.org//wiki/Sujatha_(actress)"
"723","Sukirti Kandpal","https://en.wikipedia.org//wiki/Sukirti_Kandpal"
"724","Sukumari","https://en.wikipedia.org//wiki/Sukumari"
"725","Sulakshana Pandit","https://en.wikipedia.org//wiki/Sulakshana_Pandit"
"726","Sulochana Devi","https://en.wikipedia.org//wiki/Sulochana_Devi"
"727","Sumalatha","https://en.wikipedia.org//wiki/Sumalatha"
"728","Suman Nagarkar","https://en.wikipedia.org//wiki/Suman_Nagarkar"
"729","Suman Ranganathan","https://en.wikipedia.org//wiki/Suman_Ranganathan"
"730","Sumithra","https://en.wikipedia.org//wiki/Sumithra_(actress)"
"731","Sunaina","https://en.wikipedia.org//wiki/Sunaina"
"732","Sunny leone","https://en.wikipedia.org//wiki/Sunny_leone"
"733","Surbhi Jyoti","https://en.wikipedia.org//wiki/Surbhi_Jyoti"
"734","Supriya Devi","https://en.wikipedia.org//wiki/Supriya_Devi"
"735","Supriya Karnik","https://en.wikipedia.org//wiki/Supriya_Karnik"
"736","Supriya Pathak","https://en.wikipedia.org//wiki/Supriya_Pathak"
"737","Supriya Pilgaonkar","https://en.wikipedia.org//wiki/Supriya_Pilgaonkar"
"738","Suraiya","https://en.wikipedia.org//wiki/Suraiya"
"739","Surveen Chawla","https://en.wikipedia.org//wiki/Surveen_Chawla"
"740","Suryakantham","https://en.wikipedia.org//wiki/Suryakantham"
"741","Sushma Reddy","https://en.wikipedia.org//wiki/Sushma_Reddy"
"742","Sushmita Sen","https://en.wikipedia.org//wiki/Sushmita_Sen"
"743","Sumalatha","https://en.wikipedia.org//wiki/Sumalatha"
"744","Swati Reddy","https://en.wikipedia.org//wiki/Swati_Reddy"
"745","Swapna","https://en.wikipedia.org//wiki/Swapna_(actress)"
"746","Swaroop Sampat","https://en.wikipedia.org//wiki/Swaroop_Sampat"
"747","Swastika Mukherjee","https://en.wikipedia.org//wiki/Swastika_Mukherjee"
"748","Sandhya","https://en.wikipedia.org//wiki/Sandhya_(actress)"
"749","Swetha Menon","https://en.wikipedia.org//wiki/Swetha_Menon"
"750","Sonalika Joshi","https://en.wikipedia.org//wiki/Sonalika_Joshi"
"751","sonakshi sinha","https://en.wikipedia.org//w/index.php?title=Sonakshi_sinha&action=edit&redlink=1"
"752","Tabu","https://en.wikipedia.org//wiki/Tabu_(actress)"
"753","Tanaaz Irani","https://en.wikipedia.org//wiki/Tanaaz_Irani"
"754","Tanisha","https://en.wikipedia.org//wiki/Tanishaa_Mukerji"
"755","Tanushree Dutta","https://en.wikipedia.org//wiki/Tanushree_Dutta"
"756","Tanuja","https://en.wikipedia.org//wiki/Tanuja"
"757","Tanu Roy","https://en.wikipedia.org//wiki/Tanu_Roy"
"758","Tanvi Azmi","https://en.wikipedia.org//wiki/Tanvi_Azmi"
"759","Tamanna Bhatia","https://en.wikipedia.org//wiki/Tamanna_Bhatia"
"760","Tapsee Pannu","https://en.wikipedia.org//wiki/Tapsee_Pannu"
"761","Tara","https://en.wikipedia.org//wiki/Tara_(actress)"
"762","Tara","https://en.wikipedia.org//wiki/Tara_(Kannada_actress)"
"763","Tara Deshpande","https://en.wikipedia.org//wiki/Tara_Deshpande"
"764","Tara D'Souza","https://en.wikipedia.org//wiki/Tara_D%27Souza"
"765","Tara Sharma","https://en.wikipedia.org//wiki/Tara_Sharma"
"766","Taruni Sachdev","https://en.wikipedia.org//wiki/Taruni_Sachdev"
"767","Tejaswi Madivada","https://en.wikipedia.org//wiki/Tejaswi_Madivada"
"768","Tena Desae","https://en.wikipedia.org//wiki/Tena_Desae"
"769","Tia Bajpai","https://en.wikipedia.org//wiki/Tia_Bajpai"
"770","Tina Munim","https://en.wikipedia.org//wiki/Tina_Munim"
"771","Tina Dutta","https://en.wikipedia.org//wiki/Tina_Dutta"
"772","Tisca Chopra","https://en.wikipedia.org//wiki/Tisca_Chopra"
"773","Trisha Krishnan","https://en.wikipedia.org//wiki/Trisha_Krishnan"
"774","Tulip Joshi","https://en.wikipedia.org//wiki/Tulip_Joshi"
"775","Tun Tun","https://en.wikipedia.org//wiki/Tun_Tun"
"776","Twinkle Khanna","https://en.wikipedia.org//wiki/Twinkle_Khanna"
"777","Udhayathara","https://en.wikipedia.org//wiki/Udhayathara"
"778","Udita Goswami","https://en.wikipedia.org//wiki/Udita_Goswami"
"779","Ujjwala Raut","https://en.wikipedia.org//wiki/Ujjwala_Raut"
"780","Uma","https://en.wikipedia.org//wiki/Uma_(actress)"
"781","Uma Padmanabhan","https://en.wikipedia.org//wiki/Uma_Padmanabhan"
"782","Umashree","https://en.wikipedia.org//wiki/Umashree"
"783","Urmila Matondkar","https://en.wikipedia.org//wiki/Urmila_Matondkar"
"784","Urmila Kanitkar","https://en.wikipedia.org//wiki/Urmila_Kanitkar"
"785","Urvashi","https://en.wikipedia.org//wiki/Urvashi_(actress)"
"786","Urvashi Dholakia","https://en.wikipedia.org//wiki/Urvashi_Dholakia"
"787","Urvashi Sharma","https://en.wikipedia.org//wiki/Urvashi_Sharma"
"788","Usha Kiran","https://en.wikipedia.org//wiki/Usha_Kiran"
"789","Usha Nadkarni","https://en.wikipedia.org//wiki/Usha_Nadkarni"
"790","Ulka Gupta","https://en.wikipedia.org//wiki/Ulka_Gupta"
"791","Upasna Singh","https://en.wikipedia.org//wiki/Upasna_Singh"
"792","Urvashi Rautela","https://en.wikipedia.org//wiki/Urvashi_Rautela"
"793","Vaani Kapoor","https://en.wikipedia.org//wiki/Vaani_Kapoor"
"794","Vadivukkarasi","https://en.wikipedia.org//wiki/Vadivukkarasi"
"795","Vaishali Desai","https://en.wikipedia.org//wiki/Vaishali_Desai"
"796","Vaishali Kasaravalli","https://en.wikipedia.org//wiki/Vaishali_Kasaravalli"
"797","Vandana Gupte","https://en.wikipedia.org//wiki/Vandana_Gupte"
"798","Vanisri","https://en.wikipedia.org//wiki/Vanisri"
"799","Vani Viswanath","https://en.wikipedia.org//wiki/Vani_Viswanath"
"800","Vaishnavi Mahant","https://en.wikipedia.org//wiki/Vaishnavi_Mahant"
"801","Vrushika Mehta","https://en.wikipedia.org//wiki/Vrushika_Mehta"
"802","Varalaxmi Sarathkumar","https://en.wikipedia.org//wiki/Varalaxmi_Sarathkumar"
"803","Varsha Usgaonkar","https://en.wikipedia.org//wiki/Varsha_Usgaonkar"
"804","Vasundhara Das","https://en.wikipedia.org//wiki/Vasundhara_Das"
"805","Veda Sastry","https://en.wikipedia.org//wiki/Veda_Sastry"
"806","Veena Malik","https://en.wikipedia.org//wiki/Veena_Malik"
"807","Veena (actress)","https://en.wikipedia.org//wiki/Veena_(actress)"
"808","Vibha Chibber","https://en.wikipedia.org//wiki/Vibha_Chibber"
"809","Vidhubala","https://en.wikipedia.org//wiki/Vidhubala"
"810","Vidya Balan","https://en.wikipedia.org//wiki/Vidya_Balan"
"811","Vidya Malvade","https://en.wikipedia.org//wiki/Vidya_Malvade"
"812","Vidya Sinha","https://en.wikipedia.org//wiki/Vidya_Sinha"
"813","Vishakha Singh","https://en.wikipedia.org//wiki/Vishakha_Singh"
"814","Vijeta Pandit","https://en.wikipedia.org//wiki/Vijeta_Pandit"
"815","Vijayalakshmi","https://en.wikipedia.org//wiki/Vijayalakshmi_(Kannada_actress)"
"816","Vijayashanti","https://en.wikipedia.org//wiki/Vijayashanti"
"817","Vimala Raman","https://en.wikipedia.org//wiki/Vimala_Raman"
"818","Vinaya Prasad","https://en.wikipedia.org//wiki/Vinaya_Prasad"
"819","Vyjayantimala","https://en.wikipedia.org//wiki/Vyjayantimala"
"820","Waheeda Rehman","https://en.wikipedia.org//wiki/Waheeda_Rehman"
"821","Waluscha De Sousa","https://en.wikipedia.org//wiki/Waluscha_De_Sousa"
"822","Yagna Shetty","https://en.wikipedia.org//wiki/Yagna_Shetty"
"823","Yami Gautam","https://en.wikipedia.org//wiki/Yami_Gautam"
"824","Yogeeta Bali","https://en.wikipedia.org//wiki/Yogeeta_Bali"
"825","Yana Gupta","https://en.wikipedia.org//wiki/Yana_Gupta"
"826","Yukta Mookhey","https://en.wikipedia.org//wiki/Yukta_Mookhey"
"827","Yuvika Chaudhary","https://en.wikipedia.org//wiki/Yuvika_Chaudhary"
"828","Zaheera","https://en.wikipedia.org//wiki/Zaheera"
"829","Zarina Wahab","https://en.wikipedia.org//wiki/Zarina_Wahab"
"830","Zarine Khan","https://en.wikipedia.org//wiki/Zarine_Khan"
"831","Zeenat Aman","https://en.wikipedia.org//wiki/Zeenat_Aman"
"832","Zubeida","https://en.wikipedia.org//wiki/Zubeida"
