"","name","http_link"
"1","Aadesh Shrivastava","https://en.wikipedia.org/wiki/Aadesh_Shrivastava"
"2","Aby Tom Cyriac","https://en.wikipedia.org/wiki/Aby_Tom_Cyriac"
"3","Abhimann Roy","https://en.wikipedia.org/wiki/Abhimann_Roy"
"4","Achu Rajamani","https://en.wikipedia.org/wiki/Achu_Rajamani"
"5","Adnan Sami","https://en.wikipedia.org/wiki/Adnan_Sami"
"6","Ajay-Atul","https://en.wikipedia.org/wiki/Ajay%E2%88%92Atul"
"7","Anand Bakshi","https://en.wikipedia.org/wiki/Anand_Bakshi"
"8","Amit Trivedi","https://en.wikipedia.org/wiki/Amit_Trivedi"
"9","Anand Raj Anand","https://en.wikipedia.org/wiki/Anand_Raj_Anand"
"10","Anand–Milind","https://en.wikipedia.org/wiki/Anand%E2%80%93Milind"
"11","Anand Modak","https://en.wikipedia.org/wiki/Anand_Modak"
"12","Anil Biswas","https://en.wikipedia.org/wiki/Anil_Biswas_(composer)"
"13","Anil Mohile","https://en.wikipedia.org/wiki/Anil_Mohile"
"14","Anirudh Ravichander","https://en.wikipedia.org/wiki/Anirudh_Ravichander"
"15","Anoop Seelin","https://en.wikipedia.org/wiki/Anoop_Seelin"
"16","Anu Malik","https://en.wikipedia.org/wiki/Anu_Malik"
"17","Arjuna Harjai","https://en.wikipedia.org/wiki/Arjuna_Harjai"
"18","Arjun Janya","https://en.wikipedia.org/wiki/Arjun_Janya"
"19","Arun Paudwal","https://en.wikipedia.org/wiki/Arun_Paudwal"
"20","Ashok Patki","https://en.wikipedia.org/wiki/Ashok_Patki"
"21","Avadhoot Gupte","https://en.wikipedia.org/wiki/Avadhoot_Gupte"
"22","C. Ashwath","https://en.wikipedia.org/wiki/C._Aswath"
"23","S. D. Burman","https://en.wikipedia.org/wiki/S._D._Burman"
"24","S. P. Balasubrahmanyam","https://en.wikipedia.org/wiki/S._P._Balasubrahmanyam"
"25","M. S. Baburaj","https://en.wikipedia.org/wiki/Baburaj"
"26","Bappi Lahiri","https://en.wikipedia.org/wiki/Bappi_Lahiri"
"27","Bennet–Veetraag","https://en.wikipedia.org/wiki/Bennet%E2%80%93Veetraag"
"28","Berny-Ignatius","https://en.wikipedia.org/wiki/Berny-Ignatius"
"29","Bharathwaj","https://en.wikipedia.org/wiki/Bharathwaj"
"30","Bhaskar Chandavarkar","https://en.wikipedia.org/wiki/Bhaskar_Chandavarkar"
"31","Bhavatharini","https://en.wikipedia.org/wiki/Bhavatharini"
"32","Bhupen Hazarika","https://en.wikipedia.org/wiki/Bhupen_Hazarika"
"33","Bijibal","https://en.wikipedia.org/wiki/Bijibal"
"34","Baba Sehgal","https://en.wikipedia.org/wiki/Baba_Sehgal"
"35","Chakri","https://en.wikipedia.org/wiki/Chakri_(composer)"
"36","Chitragupta","https://en.wikipedia.org/wiki/Chitragupta_(composer)"
"37","Chowdiah","https://en.wikipedia.org/wiki/Chowdiah"
"38","Colonial Cousins","https://en.wikipedia.org/wiki/Colonial_Cousins"
"39","V. Dakshinamoorthy","https://en.wikipedia.org/wiki/V._Dakshinamoorthy"
"40","Damodar Raao","https://en.wikipedia.org/wiki/Damodar_Raao"
"41","Deva","https://en.wikipedia.org/wiki/Deva_(composer)"
"42","Devan Ekambaram","https://en.wikipedia.org/wiki/Devan_Ekambaram"
"43","Devi Sri Prasad","https://en.wikipedia.org/wiki/Devi_Sri_Prasad"
"44","Dharan","https://en.wikipedia.org/wiki/Dharan_Kumar"
"45","Dhina","https://en.wikipedia.org/wiki/Dhina"
"46","G. Devarajan","https://en.wikipedia.org/wiki/G._Devarajan"
"47","Gangai Amaran","https://en.wikipedia.org/wiki/Gangai_Amaran"
"48","Gopi Sunder","https://en.wikipedia.org/wiki/Gopi_Sunder"
"49","Ghantasala","https://en.wikipedia.org/wiki/Ghantasala_(singer)"
"50","Gurukiran","https://en.wikipedia.org/wiki/Gurukiran"
"51","Hamsalekha","https://en.wikipedia.org/wiki/Hamsalekha"
"52","Harris Jayaraj","https://en.wikipedia.org/wiki/Harris_Jayaraj"
"53","Hemanta Kumar Mukhopadhyay","https://en.wikipedia.org/wiki/Hemanta_Mukherjee"
"54","Himesh Reshammiya","https://en.wikipedia.org/wiki/Himesh_Reshammiya"
"55","Hridaynath Mangeshkar","https://en.wikipedia.org/wiki/Hridaynath_Mangeshkar"
"56","Honey Singh","https://en.wikipedia.org/wiki/Yo_Yo_Honey_Singh"
"57","V. Harikrishna","https://en.wikipedia.org/wiki/V._Harikrishna"
"58","Ilayaraja","https://en.wikipedia.org/wiki/Ilaiyaraaja"
"59","Ismail Darbar","https://en.wikipedia.org/wiki/Ismail_Darbar"
"60","Imman","https://en.wikipedia.org/wiki/D._Imman"
"61","Jagjit Singh","https://en.wikipedia.org/wiki/Jagjit_Singh"
"62","James Vasanthan","https://en.wikipedia.org/wiki/James_Vasanthan"
"63","Jassie Gift","https://en.wikipedia.org/wiki/Jassie_Gift"
"64","Jatin–Lalit","https://en.wikipedia.org/wiki/Jatin%E2%80%93Lalit"
"65","Jerry Amaldev","https://en.wikipedia.org/wiki/Jerry_Amaldev"
"66","Johnson","https://en.wikipedia.org/wiki/Johnson_(composer)"
"67","Joshua Sridhar","https://en.wikipedia.org/wiki/Joshua_Sridhar"
"68","Joy Sarkar","https://en.wikipedia.org/wiki/Joy_Sarkar"
"69","M. Jayachandran","https://en.wikipedia.org/wiki/M._Jayachandran"
"70","M. M. Keeravani","https://en.wikipedia.org/wiki/M._M._Keeravani"
"71","M. M. Kreem","https://en.wikipedia.org/wiki/M._M._Kreem"
"72","K. Kalyan","https://en.wikipedia.org/wiki/K._Kalyan"
"73","Kailash-Naresh-Paresh","https://en.wikipedia.org/wiki/Kailash_Kher"
"74","Kalyanji Anandji","https://en.wikipedia.org/wiki/Kalyanji%E2%80%93Anandji"
"75","P. Kalinga Rao","https://en.wikipedia.org/wiki/P._Kalinga_Rao"
"76","Karthik","https://en.wikipedia.org/wiki/Karthik_(singer)"
"77","Karthik Raja","https://en.wikipedia.org/wiki/Karthik_Raja"
"78","Khayyam","https://en.wikipedia.org/wiki/Mohammed_Zahur_Khayyam"
"79","Kishore Kumar","https://en.wikipedia.org/wiki/Kishore_Kumar"
"80","S. P. Kodandapani","https://en.wikipedia.org/wiki/S._P._Kodandapani"
"81","V. Kumar","https://en.wikipedia.org/wiki/V._Kumar"
"82","Kumar Sanu","https://en.wikipedia.org/wiki/Kumar_Sanu"
"83","Kunnakudi Vaidyanathan","https://en.wikipedia.org/wiki/Kunnakudi_Vaidyanathan"
"84","Lalit Pandit","https://en.wikipedia.org/wiki/Lalit_Pandit"
"85","Laxmikant–Pyarelal","https://en.wikipedia.org/wiki/Laxmikant%E2%80%93Pyarelal"
"86","Lesle Lewis","https://en.wikipedia.org/wiki/Lesle_Lewis_(composer)"
"87","T. G. Lingappa","https://en.wikipedia.org/wiki/T._G._Lingappa"
"88","V. Manohar","https://en.wikipedia.org/wiki/V._Manohar"
"89","K. V. Mahadevan","https://en.wikipedia.org/wiki/K._V._Mahadevan"
"90","Lata Mangeshkar","https://en.wikipedia.org/wiki/Lata_Mangeshkar"
"91","Madan Mohan","https://en.wikipedia.org/wiki/Madan_Mohan_(composer)"
"92","Mani Sharma","https://en.wikipedia.org/wiki/Mani_Sharma"
"93","Manikanth Kadri","https://en.wikipedia.org/wiki/Manikanth_Kadri"
"94","Mano Murthy","https://en.wikipedia.org/wiki/Mano_Murthy"
"95","Manoj S","https://en.wikipedia.org/wiki/Manoj_S"
"96","Mithoon Sharma","https://en.wikipedia.org/wiki/Mithoon"
"97","Monty Sharma","https://en.wikipedia.org/wiki/Monty_Sharma"
"98","Meet Bros","https://en.wikipedia.org/wiki/Meet_Bros"
"99","Neeta Sen","https://en.wikipedia.org/wiki/Neeta_Sen"
"100","Nadeem–Shravan","https://en.wikipedia.org/wiki/Nadeem%E2%80%93Shravan"
"101","S. Narayan","https://en.wikipedia.org/wiki/S._Narayan"
"102","Naushad Ali","https://en.wikipedia.org/wiki/Naushad_Ali"
"103","Nitz 'N' Sony","https://en.wikipedia.org/wiki/Nitz_%27N%27_Sony"
"104","Nusrat Fateh Ali Khan","https://en.wikipedia.org/wiki/Nusrat_Fateh_Ali_Khan"
"105","O. P. Nayyar","https://en.wikipedia.org/wiki/O._P._Nayyar"
"106","Ouseppachan","https://en.wikipedia.org/wiki/Ouseppachan"
"107","Pankaj Mullick","https://en.wikipedia.org/wiki/Pankaj_Mullick"
"108","Papanasam Sivan","https://en.wikipedia.org/wiki/Papanasam_Sivan"
"109","Pendyala Nageswara Rao","https://en.wikipedia.org/wiki/Pendyala_Nageswara_Rao"
"110","G. V. Prakash Kumar","https://en.wikipedia.org/wiki/G._V._Prakash_Kumar"
"111","Krishnarao Phulambrikar","https://en.wikipedia.org/wiki/Krishnarao_Phulambrikar"
"112","Prashant Pillai","https://en.wikipedia.org/wiki/Prashant_Pillai"
"113","Pravin Mani","https://en.wikipedia.org/wiki/Pravin_Mani"
"114","Praveen D Rao","https://en.wikipedia.org/wiki/Praveen_D_Rao"
"115","Premgi Amaren","https://en.wikipedia.org/wiki/Premgi_Amaren"
"116","Pritam Chakraborty","https://en.wikipedia.org/wiki/Pritam_Chakraborty"
"117","A. R. Rahman","https://en.wikipedia.org/wiki/A._R._Rahman"
"118","Rahul Dev Burman","https://en.wikipedia.org/wiki/R._D._Burman"
"119","Ramjeevan","https://en.wikipedia.org/wiki/Ramjeevan"
"120","A. R. Reihana","https://en.wikipedia.org/wiki/A._R._Reihana"
"121","R. P. Patnaik","https://en.wikipedia.org/wiki/R._P._Patnaik"
"122","Raghu Dixit","https://en.wikipedia.org/wiki/Raghu_Dixit"
"123","Rahul Raj","https://en.wikipedia.org/wiki/Rahul_Raj"
"124","Raj-Koti","https://en.wikipedia.org/wiki/Raj-Koti"
"125","Perumbavoor G. Raveendranath","https://en.wikipedia.org/wiki/Perumbavoor_G._Raveendranath"
"126","M. Ranga Rao","https://en.wikipedia.org/wiki/M._Ranga_Rao"
"127","Rajan–Nagendra","https://en.wikipedia.org/wiki/Rajan%E2%80%93Nagendra"
"128","Rajesh Ramanath","https://en.wikipedia.org/wiki/Rajesh_Ramanath"
"129","Rajesh Roshan","https://en.wikipedia.org/wiki/Rajesh_Roshan"
"130","S. A. Rajkumar","https://en.wikipedia.org/wiki/S._A._Rajkumar"
"131","Ram Kadam","https://en.wikipedia.org/wiki/Ram_Kadam"
"132","Ram Lakshman","https://en.wikipedia.org/wiki/Ram_Lakshman"
"133","Ramana Gogula","https://en.wikipedia.org/wiki/Ramana_Gogula"
"134","Ramesh Naidu","https://en.wikipedia.org/wiki/Pasupuleti_Ramesh_Naidu"
"135","J. V. Raghavulu","https://en.wikipedia.org/wiki/J._V._Raghavulu"
"136","Ranjit Barot","https://en.wikipedia.org/wiki/Ranjit_Barot"
"137","Raveendran","https://en.wikipedia.org/wiki/Raveendran"
"138","V. Ravichandran","https://en.wikipedia.org/wiki/V._Ravichandran"
"139","Ravindra Jain","https://en.wikipedia.org/wiki/Ravindra_Jain"
"140","Ricky Kej","https://en.wikipedia.org/wiki/Ricky_Kej"
"141","Roop Kumar Rathod","https://en.wikipedia.org/wiki/Roop_Kumar_Rathod"
"142","Roshan","https://en.wikipedia.org/wiki/Roshan_(music_director)"
"143","T. K. Ramamoorthy","https://en.wikipedia.org/wiki/T._K._Ramamoorthy"
"144","M. G. Radhakrishnan","https://en.wikipedia.org/wiki/M._G._Radhakrishnan"
"145","M. G. Sreekumar","https://en.wikipedia.org/wiki/M._G._Sreekumar"
"146","Sachin–Jigar","https://en.wikipedia.org/wiki/Sachin%E2%80%93Jigar"
"147","Salur Rajeswara Rao","https://en.wikipedia.org/wiki/S._Rajeswara_Rao"
"148","Sadhu Kokila","https://en.wikipedia.org/wiki/Sadhu_Kokila"
"149","Sagar S.","https://en.wikipedia.org/wiki/Sagar_S_(music_director)"
"150","Salil Chowdhury","https://en.wikipedia.org/wiki/Salil_Chowdhury"
"151","Salim–Sulaiman","https://en.wikipedia.org/wiki/Salim%E2%80%93Sulaiman"
"152","Sajid–Wajid","https://en.wikipedia.org/wiki/Sajid%E2%80%93Wajid"
"153","Sandesh Shandilya","https://en.wikipedia.org/wiki/Sandesh_Shandilya"
"154","Sandeep Chowta","https://en.wikipedia.org/wiki/Sandeep_Chowta"
"155","Sanjay Leela Bhansali","https://en.wikipedia.org/wiki/Sanjay_Leela_Bhansali"
"156","Swaroop Anshuman Roy","https://en.wikipedia.org/w/index.php?title=Swaroop_Anshuman_Roy&action=edit&redlink=1"
"157","Sanjeev–Darshan","https://en.wikipedia.org/wiki/Sanjeev%E2%80%93Darshan"
"158","Sankar Ganesh","https://en.wikipedia.org/wiki/Sankar_Ganesh"
"159","Satyam","https://en.wikipedia.org/wiki/Chellapilla_Satyam"
"160","Selvaganesh","https://en.wikipedia.org/wiki/V._Selvaganesh"
"161","Shankar–Ehsaan–Loy","https://en.wikipedia.org/wiki/Shankar%E2%80%93Ehsaan%E2%80%93Loy"
"162","Shankar Mahadevan","https://en.wikipedia.org/wiki/Shankar_Mahadevan"
"163","Shankar-Jaikishan","https://en.wikipedia.org/wiki/Shankar_Jaikishan"
"164","Shantanu Moitra","https://en.wikipedia.org/wiki/Shantanu_Moitra"
"165","Sharreth","https://en.wikipedia.org/wiki/Sharreth"
"166","Shyam","https://en.wikipedia.org/wiki/Shyam_(composer)"
"167","Shruti Haasan","https://en.wikipedia.org/wiki/Shruti_Haasan"
"168","K. S. Simon","https://en.wikipedia.org/wiki/Simon_(music_director)"
"169","Sneha Khanwalkar","https://en.wikipedia.org/wiki/Sneha_Khanwalkar"
"170","Srinivas","https://en.wikipedia.org/wiki/Srinivas_(singer)"
"171","Sohail Sen","https://en.wikipedia.org/wiki/Sohail_Sen"
"172","Srikanth Deva","https://en.wikipedia.org/wiki/Srikanth_Deva"
"173","Snehal Bhatkar","https://en.wikipedia.org/wiki/Snehal_Bhatkar"
"174","Sajjad Hussain","https://en.wikipedia.org/wiki/Sajjad_Hussain_(composer)"
"175","Sudhir Phadke","https://en.wikipedia.org/wiki/Sudhir_Phadke"
"176","Sukhwinder Singh","https://en.wikipedia.org/wiki/Sukhwinder_Singh"
"177","Suresh Peters","https://en.wikipedia.org/wiki/Suresh_Peters"
"178","S. Thaman","https://en.wikipedia.org/wiki/S._Thaman"
"179","Upendra Kumar","https://en.wikipedia.org/wiki/Upendra_Kumar"
"180","Usha Khanna","https://en.wikipedia.org/wiki/Usha_Khanna"
"181","Uttam Singh","https://en.wikipedia.org/wiki/Uttam_Singh"
"182","Varun Unni","https://en.wikipedia.org/wiki/Varun_Unni"
"183","L. Vaidyanathan","https://en.wikipedia.org/wiki/L._Vaidyanathan"
"184","Vani Harikrishna","https://en.wikipedia.org/wiki/Vani_Harikrishna"
"185","Vasant Desai","https://en.wikipedia.org/wiki/Vasant_Desai"
"186","M. Venkataraju","https://en.wikipedia.org/wiki/M._Venkataraju"
"187","G. K. Venkatesh","https://en.wikipedia.org/wiki/G._K._Venkatesh"
"188","S. P. Venkatesh","https://en.wikipedia.org/wiki/S._P._Venkatesh"
"189","M. S. Viswanathan","https://en.wikipedia.org/wiki/M._S._Viswanathan"
"190","Zakir Hussain","https://en.wikipedia.org/wiki/Zakir_Hussain_(musician)"
"191","Vidyasagar","https://en.wikipedia.org/wiki/Vidyasagar_(composer)"
"192","Vijay Antony","https://en.wikipedia.org/wiki/Vijay_Antony"
"193","Vijay Prakash","https://en.wikipedia.org/wiki/Vijay_Prakash"
"194","Vijaya Bhaskar","https://en.wikipedia.org/wiki/Vijaya_Bhaskar"
"195","Viju Shah","https://en.wikipedia.org/wiki/Viju_Shah"
"196","Vishal Bhardwaj","https://en.wikipedia.org/wiki/Vishal_Bhardwaj"
"197","Vishal–Shekhar","https://en.wikipedia.org/wiki/Vishal%E2%80%93Shekhar"
"198","Yuvan Shankar Raja","https://en.wikipedia.org/wiki/Yuvan_Shankar_Raja"
"199","Zubeen Garg","https://en.wikipedia.org/wiki/Zubeen_Garg"
"200","Debojyoti Mishra","https://en.wikipedia.org/wiki/Debojyoti_Mishra"
