"","name","http_link"
"1","2D Entertainment","https://en.wikipedia.org/wiki/2D_Entertainment"
"2","2nz Animation Co.","https://en.wikipedia.org/wiki/2nz_Animation_Co."
"3","14 Reels Entertainment","https://en.wikipedia.org/wiki/14_Reels_Entertainment"
"4","24 Frames Factory","https://en.wikipedia.org/wiki/24_Frames_Factory"
"5","Aamir Khan Productions","https://en.wikipedia.org/wiki/Aamir_Khan_Productions"
"6","Aashirvad Cinemas","https://en.wikipedia.org/wiki/Aashirvad_Cinemas"
"7","Abhishek Pictures","https://en.wikipedia.org/wiki/Abhishek_Pictures"
"8","AGS Entertainment","https://en.wikipedia.org/wiki/AGS_Entertainment"
"9","Ajay Devgn FFilms","https://en.wikipedia.org/wiki/Ajay_Devgn_FFilms"
"10","Amigos Creations","https://en.wikipedia.org/wiki/Amigos_Creations"
"11","Amitabh Bachchan Corporation","https://en.wikipedia.org/wiki/Amitabh_Bachchan_Corporation"
"12","Anandi Art Creations","https://en.wikipedia.org/wiki/Anandi_Art_Creations"
"13","Anjana Productions","https://en.wikipedia.org/wiki/Anjana_Productions"
"14","Annapurna Studios","https://en.wikipedia.org/wiki/Annapurna_Studios"
"15","Anurag Kashyap Films","https://en.wikipedia.org/wiki/Anurag_Kashyap_Films"
"16","Anwar Rasheed Entertainments","https://en.wikipedia.org/wiki/Anwar_Rasheed_Entertainments"
"17","Apoorva Chitra","https://en.wikipedia.org/wiki/Apoorva_Chitra"
"18","Aran Media Works","https://en.wikipedia.org/wiki/Aran_Media_Works"
"19","Arka Media Works","https://en.wikipedia.org/wiki/Arka_Media_Works"
"20","ASA Productions and Enterprises","https://en.wikipedia.org/wiki/ASA_Productions_and_Enterprises"
"21","Ath Entertainment","https://en.wikipedia.org/wiki/Ath_Entertainment"
"22","Aurora Film Corporation","https://en.wikipedia.org/wiki/Aurora_Film_Corporation"
"23","G. Mahesh Babu Entertainment Pvt. Ltd","https://en.wikipedia.org/wiki/G._Mahesh_Babu_Entertainment_Pvt._Ltd"
"24","Bad Monkey (production company)","https://en.wikipedia.org/wiki/Bad_Monkey_(production_company)"
"25","Balaji Motion Pictures","https://en.wikipedia.org/wiki/Balaji_Motion_Pictures"
"26","Balaji Telefilms","https://en.wikipedia.org/wiki/Balaji_Telefilms"
"27","Baweja Movies","https://en.wikipedia.org/wiki/Baweja_Movies"
"28","Bhagirathi films","https://en.wikipedia.org/wiki/Bhagirathi_films"
"29","Bharani Pictures","https://en.wikipedia.org/wiki/Bharani_Pictures"
"30","BharatBala Productions","https://en.wikipedia.org/wiki/BharatBala_Productions"
"31","Bhavya Creations","https://en.wikipedia.org/wiki/Bhavya_Creations"
"32","Born Free Entertainment","https://en.wikipedia.org/wiki/Born_Free_Entertainment"
"33","Children's Film Society","https://en.wikipedia.org/wiki/Children%27s_Film_Society"
"34","Chilsag Entertainment Network","https://en.wikipedia.org/wiki/Chilsag_Entertainment_Network"
"35","Chitranjali Studio","https://en.wikipedia.org/wiki/Chitranjali_Studio"
"36","CineMan Productions","https://en.wikipedia.org/wiki/CineMan_Productions"
"37","Cinevistaas Limited","https://en.wikipedia.org/wiki/Cinevistaas_Limited"
"38","Cineyug","https://en.wikipedia.org/wiki/Cineyug"
"39","Climb Media","https://en.wikipedia.org/wiki/Climb_Media"
"40","Cloud Nine Movies","https://en.wikipedia.org/wiki/Cloud_Nine_Movies"
"41","Colour Yellow Productions","https://en.wikipedia.org/wiki/Colour_Yellow_Productions"
"42","Creative Commercials","https://en.wikipedia.org/wiki/Creative_Commercials"
"43","DAR Motion Pictures","https://en.wikipedia.org/wiki/DAR_Motion_Pictures"
"44","Dharma Productions","https://en.wikipedia.org/wiki/Dharma_Productions"
"45","User:DjLiveRecords/sandbox","https://en.wikipedia.org/wiki/User:DjLiveRecords/sandbox"
"46","Dolphin Films Pvt. Ltd","https://en.wikipedia.org/wiki/Dolphin_Films_Pvt._Ltd"
"47","Dream Factory (distributor)","https://en.wikipedia.org/wiki/Dream_Factory_(distributor)"
"48","Drishyam Films","https://en.wikipedia.org/wiki/Drishyam_Films"
"49","E. V .V. Cinema","https://en.wikipedia.org/wiki/E._V_.V._Cinema"
"50","East India Film Company","https://en.wikipedia.org/wiki/East_India_Film_Company"
"51","Emmay Entertainment","https://en.wikipedia.org/wiki/Emmay_Entertainment"
"52","Eros International","https://en.wikipedia.org/wiki/Eros_International"
"53","Essel Vision Productions","https://en.wikipedia.org/wiki/Essel_Vision_Productions"
"54","Excel Entertainment","https://en.wikipedia.org/wiki/Excel_Entertainment"
"55","Felis Creations","https://en.wikipedia.org/wiki/Felis_Creations"
"56","Filmistan","https://en.wikipedia.org/wiki/Filmistan"
"57","Films Division of India","https://en.wikipedia.org/wiki/Films_Division_of_India"
"58","First Frame Entertainments","https://en.wikipedia.org/wiki/First_Frame_Entertainments"
"59","Flying Frogs","https://en.wikipedia.org/wiki/Flying_Frogs"
"60","Fox Star Studios","https://en.wikipedia.org/wiki/Fox_Star_Studios"
"61","Friday Filmworks","https://en.wikipedia.org/wiki/Friday_Filmworks"
"62","Fried Water Films and Entertainment","https://en.wikipedia.org/wiki/Fried_Water_Films_and_Entertainment"
"63","Geetha Arts","https://en.wikipedia.org/wiki/Geetha_Arts"
"64","Gemini Film Circuit","https://en.wikipedia.org/wiki/Gemini_Film_Circuit"
"65","Golden Gate Motion Pictures","https://en.wikipedia.org/wiki/Golden_Gate_Motion_Pictures"
"66","Gotham Skyline Productions","https://en.wikipedia.org/wiki/Gotham_Skyline_Productions"
"67","Grass Root Film Company","https://en.wikipedia.org/wiki/Grass_Root_Film_Company"
"68","Grazing Goat Pictures","https://en.wikipedia.org/wiki/Grazing_Goat_Pictures"
"69","Green Pigeon Movies","https://en.wikipedia.org/wiki/Green_Pigeon_Movies"
"70","Hari Om Entertainment","https://en.wikipedia.org/wiki/Hari_Om_Entertainment"
"71","Ikram Akhtar Films","https://en.wikipedia.org/wiki/Ikram_Akhtar_Films"
"72","Illuminati Films","https://en.wikipedia.org/wiki/Illuminati_Films"
"73","Image Media Vision","https://en.wikipedia.org/wiki/Image_Media_Vision"
"74","Indira Productions","https://en.wikipedia.org/wiki/Indira_Productions"
"75","Indo British Film Co","https://en.wikipedia.org/wiki/Indo_British_Film_Co"
"76","JAR Pictures","https://en.wikipedia.org/wiki/JAR_Pictures"
"77","Jay Production","https://en.wikipedia.org/wiki/Jay_Production"
"78","Jayabheri Arts","https://en.wikipedia.org/wiki/Jayabheri_Arts"
"79","JSK Film Corporation","https://en.wikipedia.org/wiki/JSK_Film_Corporation"
"80","K Sera Sera Limited","https://en.wikipedia.org/wiki/K_Sera_Sera_Limited"
"81","Kaleidoscope Entertainment","https://en.wikipedia.org/wiki/Kaleidoscope_Entertainment"
"82","Kamakshi Movies","https://en.wikipedia.org/wiki/Kamakshi_Movies"
"83","Kohinoor Film Company","https://en.wikipedia.org/wiki/Kohinoor_Film_Company"
"84","Kokers Films","https://en.wikipedia.org/wiki/Kokers_Films"
"85","Konidela production company","https://en.wikipedia.org/wiki/Konidela_production_company"
"86","Landmarc films","https://en.wikipedia.org/wiki/Landmarc_films"
"87","Latalkies","https://en.wikipedia.org/wiki/Latalkies"
"88","User talk:Lause Films","https://en.wikipedia.org/wiki/User_talk:Lause_Films"
"89","Legend Studios","https://en.wikipedia.org/wiki/Legend_Studios"
"90","Lehren","https://en.wikipedia.org/wiki/Lehren"
"91","Lokesh Productions","https://en.wikipedia.org/wiki/Lokesh_Productions"
"92","Madan Theatre","https://en.wikipedia.org/wiki/Madan_Theatre"
"93","Maharashtra Film Company","https://en.wikipedia.org/wiki/Maharashtra_Film_Company"
"94","Manchu Entertainment","https://en.wikipedia.org/wiki/Manchu_Entertainment"
"95","Marikar Films","https://en.wikipedia.org/wiki/Marikar_Films"
"96","Mehboob Studio","https://en.wikipedia.org/wiki/Mehboob_Studio"
"97","Mehmood Ali (producer)","https://en.wikipedia.org/wiki/Mehmood_Ali_(producer)"
"98","Merryland Studio","https://en.wikipedia.org/wiki/Merryland_Studio"
"99","Miditech","https://en.wikipedia.org/wiki/Miditech"
"100","Moonwater Pictures","https://en.wikipedia.org/wiki/Moonwater_Pictures"
"101","Morpheus Media Ventures","https://en.wikipedia.org/wiki/Morpheus_Media_Ventures"
"102","Moxx Music","https://en.wikipedia.org/wiki/Moxx_Music"
"103","Mukta Arts","https://en.wikipedia.org/wiki/Mukta_Arts"
"104","Mulakuppadam Films","https://en.wikipedia.org/wiki/Mulakuppadam_Films"
"105","Mythri Movie Makers","https://en.wikipedia.org/wiki/Mythri_Movie_Makers"
"106","N. T. R. Arts","https://en.wikipedia.org/wiki/N._T._R._Arts"
"107","Nadiadwala Grandson Entertainment","https://en.wikipedia.org/wiki/Nadiadwala_Grandson_Entertainment"
"108","National Film Development Corporation of India","https://en.wikipedia.org/wiki/National_Film_Development_Corporation_of_India"
"109","Navketan Films","https://en.wikipedia.org/wiki/Navketan_Films"
"110","Next Gen Films","https://en.wikipedia.org/wiki/Next_Gen_Films"
"111","North Star Entertainment","https://en.wikipedia.org/wiki/North_Star_Entertainment"
"112","Nuclear Mango","https://en.wikipedia.org/wiki/Nuclear_Mango"
"113","NVR Cinema","https://en.wikipedia.org/wiki/NVR_Cinema"
"114","Panorama Studios","https://en.wikipedia.org/wiki/Panorama_Studios"
"115","Parameswara Art Productions","https://en.wikipedia.org/wiki/Parameswara_Art_Productions"
"116","Pawan Kalyan Creative Works","https://en.wikipedia.org/wiki/Pawan_Kalyan_Creative_Works"
"117","Pen India Limited","https://en.wikipedia.org/wiki/Pen_India_Limited"
"118","Pen N Camera International","https://en.wikipedia.org/wiki/Pen_N_Camera_International"
"119","Percept Picture Company","https://en.wikipedia.org/wiki/Percept_Picture_Company"
"120","Phantom Films","https://en.wikipedia.org/wiki/Phantom_Films"
"121","Plan C Studios","https://en.wikipedia.org/wiki/Plan_C_Studios"
"122","Pondfreaks","https://en.wikipedia.org/wiki/Pondfreaks"
"123","Potential Studios","https://en.wikipedia.org/wiki/Potential_Studios"
"124","Prabhat Film Company","https://en.wikipedia.org/wiki/Prabhat_Film_Company"
"125","Pritish Nandy Communications","https://en.wikipedia.org/wiki/Pritish_Nandy_Communications"
"126","Puri Jagannadh Touring Talkies","https://en.wikipedia.org/wiki/Puri_Jagannadh_Touring_Talkies"
"127","Purple Pebble Pictures","https://en.wikipedia.org/wiki/Purple_Pebble_Pictures"
"128","PVP Cinema","https://en.wikipedia.org/wiki/PVP_Cinema"
"129","PVR Pictures","https://en.wikipedia.org/wiki/PVR_Pictures"
"130","Raaj Kamal Films International","https://en.wikipedia.org/wiki/Raaj_Kamal_Films_International"
"131","Radiance Media Group","https://en.wikipedia.org/wiki/Radiance_Media_Group"
"132","Raheja Productions","https://en.wikipedia.org/wiki/Raheja_Productions"
"133","Rajkamal Kalamandir","https://en.wikipedia.org/wiki/Rajkamal_Kalamandir"
"134","Rajshri Media","https://en.wikipedia.org/wiki/Rajshri_Media"
"135","Rajshri Productions","https://en.wikipedia.org/wiki/Rajshri_Productions"
"136","Ramalakshmi Cine Creations","https://en.wikipedia.org/wiki/Ramalakshmi_Cine_Creations"
"137","Ranjit Studios","https://en.wikipedia.org/wiki/Ranjit_Studios"
"138","Red Chillies Entertainment","https://en.wikipedia.org/wiki/Red_Chillies_Entertainment"
"139","Reliance Entertainment","https://en.wikipedia.org/wiki/Reliance_Entertainment"
"140","Revel Films","https://en.wikipedia.org/wiki/Revel_Films"
"141","Royal Bioscope Company","https://en.wikipedia.org/wiki/Royal_Bioscope_Company"
"142","Sagar Films","https://en.wikipedia.org/wiki/Sagar_Films"
"143","Sagar Movietone","https://en.wikipedia.org/wiki/Sagar_Movietone"
"144","Sai Productions","https://en.wikipedia.org/wiki/Sai_Productions"
"145","Sathya Jyothi Films","https://en.wikipedia.org/wiki/Sathya_Jyothi_Films"
"146","Saurav Entertainments","https://en.wikipedia.org/wiki/Saurav_Entertainments"
"147","Sax Pictures","https://en.wikipedia.org/wiki/Sax_Pictures"
"148","Shanmukha Films","https://en.wikipedia.org/wiki/Shanmukha_Films"
"149","Shemaroo Entertainment","https://en.wikipedia.org/wiki/Shemaroo_Entertainment"
"150","Shogun Films","https://en.wikipedia.org/wiki/Shogun_Films"
"151","Shree Ashtavinayak Cine Vision","https://en.wikipedia.org/wiki/Shree_Ashtavinayak_Cine_Vision"
"152","Shresht Movies","https://en.wikipedia.org/wiki/Shresht_Movies"
"153","Sikhya Entertainment","https://en.wikipedia.org/wiki/Sikhya_Entertainment"
"154","Sivaji Productions","https://en.wikipedia.org/wiki/Sivaji_Productions"
"155","Sohail Khan Productions","https://en.wikipedia.org/wiki/Sohail_Khan_Productions"
"156","Sol (production company)","https://en.wikipedia.org/wiki/Sol_(production_company)"
"157","Solaris Pictures","https://en.wikipedia.org/wiki/Solaris_Pictures"
"158","Soundrya Production","https://en.wikipedia.org/wiki/Soundrya_Production"
"159","SP Entertainments","https://en.wikipedia.org/wiki/SP_Entertainments"
"160","Sree Lakshmi Prasanna Pictures","https://en.wikipedia.org/wiki/Sree_Lakshmi_Prasanna_Pictures"
"161","Sri Sathya Sai Arts","https://en.wikipedia.org/wiki/Sri_Sathya_Sai_Arts"
"162","Sri Thenandal Films","https://en.wikipedia.org/wiki/Sri_Thenandal_Films"
"163","Sri Venkateswara Cine Chitra","https://en.wikipedia.org/wiki/Sri_Venkateswara_Cine_Chitra"
"164","Sri Venkateswara Creations","https://en.wikipedia.org/wiki/Sri_Venkateswara_Creations"
"165","Sridevi Movies","https://en.wikipedia.org/wiki/Sridevi_Movies"
"166","Studio Green","https://en.wikipedia.org/wiki/Studio_Green"
"167","Sudha Productions","https://en.wikipedia.org/wiki/Sudha_Productions"
"168","Sumanth Art Productions","https://en.wikipedia.org/wiki/Sumanth_Art_Productions"
"169","Sun Pictures","https://en.wikipedia.org/wiki/Sun_Pictures"
"170","Suresh Productions","https://en.wikipedia.org/wiki/Suresh_Productions"
"171","T-Series","https://en.wikipedia.org/wiki/T-Series"
"172","Tarang Cine Productions","https://en.wikipedia.org/wiki/Tarang_Cine_Productions"
"173","Draft:Template:Film Studio in India","https://en.wikipedia.org/wiki/Draft:Template:Film_Studio_in_India"
"174","The Show People","https://en.wikipedia.org/wiki/The_Show_People"
"175","The Theatre Army Productions","https://en.wikipedia.org/wiki/The_Theatre_Army_Productions"
"176","Thirrupathi Brothers","https://en.wikipedia.org/wiki/Thirrupathi_Brothers"
"177","Tips Industries Limited","https://en.wikipedia.org/wiki/Tips_Industries_Limited"
"178","Trimurti Films","https://en.wikipedia.org/wiki/Trimurti_Films"
"179","Turner International India","https://en.wikipedia.org/wiki/Turner_International_India"
"180","Ultra Media & Entertainment","https://en.wikipedia.org/wiki/Ultra_Media_%26_Entertainment"
"181","Ushakiran Movies","https://en.wikipedia.org/wiki/Ushakiran_Movies"
"182","UTV Motion Pictures","https://en.wikipedia.org/wiki/UTV_Motion_Pictures"
"183","UV Creations","https://en.wikipedia.org/wiki/UV_Creations"
"184","V. V. Creations","https://en.wikipedia.org/wiki/V._V._Creations"
"185","Vaishno Academy","https://en.wikipedia.org/wiki/Vaishno_Academy"
"186","Valiyaveetil films International","https://en.wikipedia.org/wiki/Valiyaveetil_films_International"
"187","Draft:Vansan Movies","https://en.wikipedia.org/wiki/Draft:Vansan_Movies"
"188","Varahi Chalana Chitram","https://en.wikipedia.org/wiki/Varahi_Chalana_Chitram"
"189","Ventom International Network","https://en.wikipedia.org/wiki/Ventom_International_Network"
"190","Venus Records & Tapes","https://en.wikipedia.org/wiki/Venus_Records_%26_Tapes"
"191","Viacom 18 Motion Pictures","https://en.wikipedia.org/wiki/Viacom_18_Motion_Pictures"
"192","Vijayalakshmi Art Pictures","https://en.wikipedia.org/wiki/Vijayalakshmi_Art_Pictures"
"193","Vijayta Films","https://en.wikipedia.org/wiki/Vijayta_Films"
"194","Vinod Chopra Films","https://en.wikipedia.org/wiki/Vinod_Chopra_Films"
"195","Vishesh Films","https://en.wikipedia.org/wiki/Vishesh_Films"
"196","Vyjayanthi Movies","https://en.wikipedia.org/wiki/Vyjayanthi_Movies"
"197","Wadia Movietone","https://en.wikipedia.org/wiki/Wadia_Movietone"
"198","The Walt Disney Company (India)","https://en.wikipedia.org/wiki/The_Walt_Disney_Company_(India)"
"199","Weekend Blockbusters","https://en.wikipedia.org/wiki/Weekend_Blockbusters"
"200","Y NOT Studios","https://en.wikipedia.org/wiki/Y_NOT_Studios"
