"","name","http_link"
"1","A. S. A. Sami","https://en.wikipedia.org/wiki/A._S._A._Sami"
"2","Sajeed A.","https://en.wikipedia.org/wiki/Sajeed_A."
"3","Khwaja Ahmad Abbas","https://en.wikipedia.org/wiki/Khwaja_Ahmad_Abbas"
"4","Abhishek Krishnan","https://en.wikipedia.org/wiki/Abhishek_Krishnan"
"5","John Abraham","https://en.wikipedia.org/wiki/John_Abraham_(director)"
"6","T. M. Abraham","https://en.wikipedia.org/wiki/T._M._Abraham"
"7","Vijay Krishna Acharya","https://en.wikipedia.org/wiki/Vijay_Krishna_Acharya"
"8","Homi Adajania","https://en.wikipedia.org/wiki/Homi_Adajania"
"9","Taran Adarsh","https://en.wikipedia.org/wiki/Taran_Adarsh"
"10","Nikkhil Advani","https://en.wikipedia.org/wiki/Nikkhil_Advani"
"11","Pankaj Advani","https://en.wikipedia.org/wiki/Pankaj_Advani_(director)"
"12","Gajendra Ahire","https://en.wikipedia.org/wiki/Gajendra_Ahire"
"13","Ashim Ahluwalia","https://en.wikipedia.org/wiki/Ashim_Ahluwalia"
"14","I. Ahmed","https://en.wikipedia.org/wiki/I._Ahmed"
"15","Farhan Akhtar","https://en.wikipedia.org/wiki/Farhan_Akhtar"
"16","Ikram Akhtar","https://en.wikipedia.org/wiki/Ikram_Akhtar"
"17","James Albert","https://en.wikipedia.org/wiki/James_Albert_(screenwriter)"
"18","Haidar Ali","https://en.wikipedia.org/wiki/Haidar_Ali_(actor)"
"19","Imtiaz Ali","https://en.wikipedia.org/wiki/Imtiaz_Ali_(director)"
"20","Abrar Alvi","https://en.wikipedia.org/wiki/Abrar_Alvi"
"21","Kamal Amrohi","https://en.wikipedia.org/wiki/Kamal_Amrohi"
"22","Chetan Anand","https://en.wikipedia.org/wiki/Chetan_Anand_(director)"
"23","Inder Raj Anand","https://en.wikipedia.org/wiki/Inder_Raj_Anand"
"24","Siddharth Anand","https://en.wikipedia.org/wiki/Siddharth_Anand"
"25","Suneil Anand","https://en.wikipedia.org/wiki/Suneil_Anand"
"26","Vijay Anand","https://en.wikipedia.org/wiki/Vijay_Anand_(filmmaker)"
"27","Uday Ananthan","https://en.wikipedia.org/wiki/Uday_Ananthan"
"28","Sasidharan Arattuvazhi","https://en.wikipedia.org/wiki/Sasidharan_Arattuvazhi"
"29","Rajat Arora","https://en.wikipedia.org/wiki/Rajat_Arora"
"30","Panchu Arunachalam","https://en.wikipedia.org/wiki/Panchu_Arunachalam"
"31","Nag Ashwin","https://en.wikipedia.org/wiki/Nag_Ashwin"
"32","K. Asif","https://en.wikipedia.org/wiki/K._Asif"
"33","Premankur Atorthy","https://en.wikipedia.org/wiki/Premankur_Atorthy"
"34","Pralhad Keshav Atre","https://en.wikipedia.org/wiki/Pralhad_Keshav_Atre"
"35","Amitabh Aurora","https://en.wikipedia.org/wiki/Amitabh_Aurora"
"36","Srinivas Avasarala","https://en.wikipedia.org/wiki/Srinivas_Avasarala"
"37","Rajendra Singh Babu","https://en.wikipedia.org/wiki/Rajendra_Singh_Babu"
"38","Badri","https://en.wikipedia.org/wiki/Badri_(director)"
"39","Judhajit Bagchi","https://en.wikipedia.org/wiki/Judhajit_Bagchi"
"40","Vikas Bahl","https://en.wikipedia.org/wiki/Vikas_Bahl"
"41","K. Balachander","https://en.wikipedia.org/wiki/K._Balachander"
"42","C. V. Balakrishnan","https://en.wikipedia.org/wiki/C._V._Balakrishnan"
"43","Anant Balani","https://en.wikipedia.org/wiki/Anant_Balani"
"44","R. Balki","https://en.wikipedia.org/wiki/R._Balki"
"45","Sharadindu Bandyopadhyay","https://en.wikipedia.org/wiki/Sharadindu_Bandyopadhyay"
"46","Dibakar Banerjee","https://en.wikipedia.org/wiki/Dibakar_Banerjee"
"47","Ashok Banker","https://en.wikipedia.org/wiki/Ashok_Banker"
"48","Bapu","https://en.wikipedia.org/wiki/Bapu_(film_director)"
"49","Sooraj Barjatya","https://en.wikipedia.org/wiki/Sooraj_Barjatya"
"50","Vaikom Muhammad Basheer","https://en.wikipedia.org/wiki/Vaikom_Muhammad_Basheer"
"51","Samit Basu","https://en.wikipedia.org/wiki/Samit_Basu"
"52","Akashdeep S Batth","https://en.wikipedia.org/wiki/Akashdeep_S_Batth"
"53","Anees Bazmee","https://en.wikipedia.org/wiki/Anees_Bazmee"
"54","Narendra Bedi","https://en.wikipedia.org/wiki/Narendra_Bedi"
"55","Rajinder Singh Bedi","https://en.wikipedia.org/wiki/Rajinder_Singh_Bedi"
"56","Kanu Behl","https://en.wikipedia.org/wiki/Kanu_Behl"
"57","Dev Benegal","https://en.wikipedia.org/wiki/Dev_Benegal"
"58","Shyam Benegal","https://en.wikipedia.org/wiki/Shyam_Benegal"
"59","Chetan Bhagat","https://en.wikipedia.org/wiki/Chetan_Bhagat"
"60","Devika Bhagat","https://en.wikipedia.org/wiki/Devika_Bhagat"
"61","Sanjay Leela Bhansali","https://en.wikipedia.org/wiki/Sanjay_Leela_Bhansali"
"62","Vishal Bhardwaj","https://en.wikipedia.org/wiki/Vishal_Bhardwaj"
"63","P. Bhaskaran","https://en.wikipedia.org/wiki/P._Bhaskaran"
"64","Mahesh Bhatt","https://en.wikipedia.org/wiki/Mahesh_Bhatt"
"65","Robin Bhatt","https://en.wikipedia.org/wiki/Robin_Bhatt"
"66","Vijay Bhatt","https://en.wikipedia.org/wiki/Vijay_Bhatt"
"67","Vikram Bhatt","https://en.wikipedia.org/wiki/Vikram_Bhatt"
"68","Moni Bhattacharjee","https://en.wikipedia.org/wiki/Moni_Bhattacharjee"
"69","Aditya Bhattacharya","https://en.wikipedia.org/wiki/Aditya_Bhattacharya"
"70","Basu Bhattacharya","https://en.wikipedia.org/wiki/Basu_Bhattacharya"
"71","Ranadeep Bhattacharyya","https://en.wikipedia.org/wiki/Ranadeep_Bhattacharyya"
"72","Sachin Bhowmick","https://en.wikipedia.org/wiki/Sachin_Bhowmick"
"73","S. L. Bhyrappa","https://en.wikipedia.org/wiki/S._L._Bhyrappa"
"74","Dr. Biju","https://en.wikipedia.org/wiki/Dr._Biju"
"75","Apurba Kishore Bir","https://en.wikipedia.org/wiki/Apurba_Kishore_Bir"
"76","Lalet Bist","https://en.wikipedia.org/wiki/Lalet_Bist_(Lalit_Bisht)"
"77","Blessy","https://en.wikipedia.org/wiki/Blessy"
"78","Anugrah Bohrey","https://en.wikipedia.org/wiki/Anugrah_Bohrey"
"79","Nitin Bose","https://en.wikipedia.org/wiki/Nitin_Bose"
"80","Amiya Chakravarty","https://en.wikipedia.org/wiki/Amiya_Chakravarty_(director)"
"81","Jyoti Swaroop","https://en.wikipedia.org/wiki/Jyoti_Swaroop"
"82","Utpalendu Chakrabarty","https://en.wikipedia.org/wiki/Utpalendu_Chakrabarty"
"83","Pritish Chakraborty","https://en.wikipedia.org/wiki/Pritish_Chakraborty"
"84","Shibu Chakravarthy","https://en.wikipedia.org/wiki/Shibu_Chakravarthy"
"85","Krishan Chander","https://en.wikipedia.org/wiki/Krishan_Chander"
"86","Nagathihalli Chandrashekhar","https://en.wikipedia.org/wiki/Nagathihalli_Chandrashekhar"
"87","N. Chandra","https://en.wikipedia.org/wiki/N._Chandra"
"88","R. Chandru","https://en.wikipedia.org/wiki/R._Chandru"
"89","Basu Chatterjee","https://en.wikipedia.org/wiki/Basu_Chatterjee"
"90","Dhruva Chatterjee","https://en.wikipedia.org/wiki/Dhruva_Chatterjee"
"91","Mohit Chattopadhyay","https://en.wikipedia.org/wiki/Mohit_Chattopadhyay"
"92","Chaturbhuj Doshi","https://en.wikipedia.org/wiki/Chaturbhuj_Doshi"
"93","Juhi Chaturvedi","https://en.wikipedia.org/wiki/Juhi_Chaturvedi"
"94","Abhishek Chaubey","https://en.wikipedia.org/wiki/Abhishek_Chaubey"
"95","Saket Chaudhary","https://en.wikipedia.org/wiki/Saket_Chaudhary"
"96","Kiransinh Chauhan","https://en.wikipedia.org/wiki/Kiransinh_Chauhan"
"97","Rohit Jugraj Chauhan","https://en.wikipedia.org/wiki/Rohit_Jugraj_Chauhan"
"98","Sanjay Chauhan","https://en.wikipedia.org/wiki/Sanjay_Chauhan_(screenwriter)"
"99","Sanjay Puran Singh Chauhan","https://en.wikipedia.org/wiki/Sanjay_Puran_Singh_Chauhan"
"100","Dilip Chitre","https://en.wikipedia.org/wiki/Dilip_Chitre"
"101","Aditya Chopra","https://en.wikipedia.org/wiki/Aditya_Chopra"
"102","Baldev Raj Chopra","https://en.wikipedia.org/wiki/Baldev_Raj_Chopra"
"103","Vidhu Vinod Chopra","https://en.wikipedia.org/wiki/Vidhu_Vinod_Chopra"
"104","Ahindra Choudhury","https://en.wikipedia.org/wiki/Ahindra_Choudhury"
"105","Balachandran Chullikkadu","https://en.wikipedia.org/wiki/Balachandran_Chullikkadu"
"106","Saros Cowasjee","https://en.wikipedia.org/wiki/Saros_Cowasjee"
"107","Jaywant Dalvi","https://en.wikipedia.org/wiki/Jaywant_Dalvi"
"108","Anil Das","https://en.wikipedia.org/wiki/Anil_Das"
"109","Sukhen Das","https://en.wikipedia.org/wiki/Sukhen_Das"
"110","Buddhadeb Dasgupta","https://en.wikipedia.org/wiki/Buddhadeb_Dasgupta"
"111","Ashish Deo","https://en.wikipedia.org/wiki/Ashish_Deo"
"112","Vasant Dev","https://en.wikipedia.org/wiki/Vasant_Dev"
"113","Makarand Deshpande","https://en.wikipedia.org/wiki/Makarand_Deshpande"
"114","Purushottam Laxman Deshpande","https://en.wikipedia.org/wiki/Purushottam_Laxman_Deshpande"
"115","M. K. Binodini Devi","https://en.wikipedia.org/wiki/M._K._Binodini_Devi"
"116","K. R. Devmani","https://en.wikipedia.org/wiki/K._R._Devmani"
"117","Rajesh Devraj","https://en.wikipedia.org/wiki/Rajesh_Devraj"
"118","Ashwni Dhir","https://en.wikipedia.org/wiki/Ashwni_Dhir"
"119","Rahul Dholakia","https://en.wikipedia.org/wiki/Rahul_Dholakia"
"120","Tigmanshu Dhulia","https://en.wikipedia.org/wiki/Tigmanshu_Dhulia"
"121","Akash Dixit","https://en.wikipedia.org/wiki/Akash_Dixit"
"122","Satyadev Dubey","https://en.wikipedia.org/wiki/Satyadev_Dubey"
"123","Iqbal Durrani","https://en.wikipedia.org/wiki/Iqbal_Durrani"
"124","O. P. Dutta","https://en.wikipedia.org/wiki/O._P._Dutta"
"125","Chandraprakash Dwivedi","https://en.wikipedia.org/wiki/Chandraprakash_Dwivedi"
"126","Santhosh Echikkanam","https://en.wikipedia.org/wiki/Santhosh_Echikkanam"
"127","John Edathattil","https://en.wikipedia.org/wiki/John_Edathattil"
"128","Habib Faisal","https://en.wikipedia.org/wiki/Habib_Faisal"
"129","Nida Fazli","https://en.wikipedia.org/wiki/Nida_Fazli"
"130","Uttam Gada","https://en.wikipedia.org/wiki/Uttam_Gada"
"131","Anand Gandhi","https://en.wikipedia.org/wiki/Anand_Gandhi"
"132","Susi Ganeshan","https://en.wikipedia.org/wiki/Susi_Ganeshan"
"133","Jashwant Gangani","https://en.wikipedia.org/wiki/Jashwant_Gangani"
"134","Anil Ganguly","https://en.wikipedia.org/wiki/Anil_Ganguly"
"135","Kaushik Ganguly","https://en.wikipedia.org/wiki/Kaushik_Ganguly"
"136","Dhwani Gautam","https://en.wikipedia.org/wiki/Dhwani_Gautam"
"137","Subhash Ghai","https://en.wikipedia.org/wiki/Subhash_Ghai"
"138","Ritwik Ghatak","https://en.wikipedia.org/wiki/Ritwik_Ghatak"
"139","Neeraj Ghaywan","https://en.wikipedia.org/wiki/Neeraj_Ghaywan"
"140","Nabendu Ghosh","https://en.wikipedia.org/wiki/Nabendu_Ghosh"
"141","Ranjan Ghosh","https://en.wikipedia.org/wiki/Ranjan_Ghosh"
"142","Rituparno Ghosh","https://en.wikipedia.org/wiki/Rituparno_Ghosh"
"143","Sujoy Ghosh","https://en.wikipedia.org/wiki/Sujoy_Ghosh"
"144","Nilesh Girkar","https://en.wikipedia.org/wiki/Nilesh_Girkar"
"145","Shyam Goel","https://en.wikipedia.org/wiki/Shyam_Goel"
"146","Gopimohan","https://en.wikipedia.org/wiki/Gopimohan"
"147","Yogesh Dattatraya Gosavi","https://en.wikipedia.org/wiki/Yogesh_Dattatraya_Gosavi"
"148","B. C. Gowrishankar","https://en.wikipedia.org/wiki/B._C._Gowrishankar"
"149","Varun Grover","https://en.wikipedia.org/wiki/Varun_Grover_(writer)"
"150","Preetham Gubbi","https://en.wikipedia.org/wiki/Preetham_Gubbi"
"151","Gulzar","https://en.wikipedia.org/wiki/Gulzar"
"152","Manish Gupta","https://en.wikipedia.org/wiki/Manish_Gupta"
"153","Pratim D. Gupta","https://en.wikipedia.org/wiki/Pratim_D._Gupta"
"154","Raj Kumar Gupta","https://en.wikipedia.org/wiki/Raj_Kumar_Gupta"
"155","Sachin Gupta","https://en.wikipedia.org/wiki/Sachin_Gupta"
"156","Sanjay Gupta","https://en.wikipedia.org/wiki/Sanjay_Gupta_(director)"
"157","Amole Gupte","https://en.wikipedia.org/wiki/Amole_Gupte"
"158","Randor Guy","https://en.wikipedia.org/wiki/Randor_Guy"
"159","Tushar Hiranandani","https://en.wikipedia.org/wiki/Tushar_Hiranandani"
"160","Rajkumar Hirani","https://en.wikipedia.org/wiki/Rajkumar_Hirani"
"161","Krishan Hooda","https://en.wikipedia.org/wiki/Krishan_Hooda"
"162","Imtiyaz Husain","https://en.wikipedia.org/wiki/Imtiyaz_Husain"
"163","Nasir Hussain","https://en.wikipedia.org/wiki/Nasir_Hussain"
"164","Tahir Hussain","https://en.wikipedia.org/wiki/Tahir_Hussain"
"165","Sunil Ibrahim","https://en.wikipedia.org/wiki/Sunil_Ibrahim"
"166","Akhtar ul Iman","https://en.wikipedia.org/wiki/Akhtar_ul_Iman"
"167","Firoz Irani","https://en.wikipedia.org/wiki/Firoz_Irani"
"168","Isaac Thomas Kottukapally","https://en.wikipedia.org/wiki/Isaac_Thomas_Kottukapally"
"169","B. R. Ishara","https://en.wikipedia.org/wiki/B._R._Ishara"
"170","Niranjan Iyengar","https://en.wikipedia.org/wiki/Niranjan_Iyengar"
"171","Bhavani Iyer","https://en.wikipedia.org/wiki/Bhavani_Iyer"
"172","Kannan Iyer","https://en.wikipedia.org/wiki/Kannan_Iyer"
"173","Gajanan Jagirdar","https://en.wikipedia.org/wiki/Gajanan_Jagirdar"
"174","Abhishek Jain","https://en.wikipedia.org/wiki/Abhishek_Jain"
"175","Jainendra K. Jain","https://en.wikipedia.org/wiki/Jainendra_K._Jain_(screenwriter)"
"176","Akhilesh Jaiswal","https://en.wikipedia.org/wiki/Akhilesh_Jaiswal"
"177","Qamar Jalalabadi","https://en.wikipedia.org/wiki/Qamar_Jalalabadi"
"178","Jayakanthan","https://en.wikipedia.org/wiki/Jayakanthan"
"179","Jeans","https://en.wikipedia.org/wiki/Jeans_(director)"
"180","Bhavesh Nandan Jha","https://en.wikipedia.org/wiki/Bhavesh_Nandan_Jha"
"181","Manish Jha","https://en.wikipedia.org/wiki/Manish_Jha"
"182","Piyush Jha","https://en.wikipedia.org/wiki/Piyush_Jha"
"183","Prakash Jha","https://en.wikipedia.org/wiki/Prakash_Jha"
"184","Gautam Joglekar","https://en.wikipedia.org/wiki/Gautam_Joglekar"
"185","I. S. Johar","https://en.wikipedia.org/wiki/I._S._Johar"
"186","Jomon","https://en.wikipedia.org/wiki/Jomon_(director)"
"187","Dennis Joseph","https://en.wikipedia.org/wiki/Dennis_Joseph"
"188","Abhijat Joshi","https://en.wikipedia.org/wiki/Abhijat_Joshi"
"189","Prasoon Joshi","https://en.wikipedia.org/wiki/Prasoon_Joshi"
"190","Sharad Joshi","https://en.wikipedia.org/wiki/Sharad_Joshi"
"191","K. Subash","https://en.wikipedia.org/wiki/K._Subash"
"192","Raju Kafley","https://en.wikipedia.org/wiki/Raju_Kafley"
"193","Kamal Haasan","https://en.wikipedia.org/wiki/Kamal_Haasan"
"194","Abhinav Kamal","https://en.wikipedia.org/wiki/Abhinav_Kamal"
"195","Kamleshwar","https://en.wikipedia.org/wiki/Kamleshwar"
"196","Kranti Kanade","https://en.wikipedia.org/wiki/Kranti_Kanade"
"197","Swaroop Kanchi","https://en.wikipedia.org/wiki/Swaroop_Kanchi"
"198","Vedham Puthithu Kannan","https://en.wikipedia.org/wiki/Vedham_Puthithu_Kannan"
"199","R. Kannan","https://en.wikipedia.org/wiki/R._Kannan"
"200","Raj Kanwar","https://en.wikipedia.org/wiki/Raj_Kanwar"
